Date,City,GreenCoverage_NDVI,HousingDensity_p_km2,FloodProb_longterm,DroughtIndex_anom,PM25_ug_m3,SurfaceTemp_LST_C
2024-10-01,Kuching,0.617,1500,5,0.379,11,31.7
2024-10-02,Kuching,0.616,1500,5,0.411,9,31.7
2024-10-03,Kuching,0.623,1500,5,0.405,10,30.5
2024-10-04,Kuching,0.638,1500,5,0.413,6.7,31.2
2024-10-05,Kuching,0.633,1500,5,0.288,9.3,31.5
2024-10-06,Kuching,0.629,1500,5,0.301,10.4,32.1
2024-10-07,Kuching,0.644,1500,5,0.383,10.9,30.3
2024-10-08,Kuching,0.649,1500,5,0.595,12.8,31.7
2024-10-09,Kuching,0.64,1500,5,0.701,15.8,31.6
2024-10-10,Kuching,0.643,1500,5,0.969,17,32.3
2024-10-11,Kuching,0.636,1500,5,0.759,12.3,31.5
2024-10-12,Kuching,0.63,1500,5,0.825,9.4,31.9
2024-10-13,Kuching,0.632,1500,5,0.778,8.3,31.2
2024-10-14,Kuching,0.612,1500,5,1.038,8.6,30.9
2024-10-15,Kuching,0.597,1500,5,0.809,9.9,32.1
2024-10-16,Kuching,0.596,1500,5,0.608,8.5,31.9
2024-10-17,Kuching,0.591,1500,5,0.474,9.1,31.9
2024-10-18,Kuching,0.6,1500,5,0.13,7.7,32.4
2024-10-19,Kuching,0.595,1500,5,0.076,6.9,32.5
2024-10-20,Kuching,0.587,1500,5,-0.005,4.5,32.4
2024-10-21,Kuching,0.608,1500,5,0.062,3.5,32.5
2024-10-22,Kuching,0.61,1500,5,0.147,3,33.7
2024-10-23,Kuching,0.614,1500,5,0.448,3,33.3
2024-10-24,Kuching,0.603,1500,5,0.565,4.5,33.1
2024-10-25,Kuching,0.602,1500,5,0.434,3.4,33.5
2024-10-26,Kuching,0.608,1500,5,0.274,9.7,33.8
2024-10-27,Kuching,0.601,1500,5,0.346,10.7,34.1
2024-10-28,Kuching,0.61,1500,5,0.134,11,34.1
2024-10-29,Kuching,0.608,1500,5,0.426,9.1,32.9
2024-10-30,Kuching,0.61,1500,5,0.576,10.6,33.6
2024-10-31,Kuching,0.608,1500,5,0.455,9.4,32.6
2024-11-01,Kuching,0.632,1500,5,0.165,9.7,32.5
2024-11-02,Kuching,0.633,1500,5,0.377,14.9,31.8
2024-11-03,Kuching,0.624,1500,5,0.336,13.9,31.7
2024-11-04,Kuching,0.635,1500,5,0.504,15.7,31.8
2024-11-05,Kuching,0.624,1500,5,0.221,13.4,31.8
2024-11-06,Kuching,0.629,1500,5,0.128,12.8,32
2024-11-07,Kuching,0.612,1500,5,0.139,15.9,32.8
2024-11-08,Kuching,0.604,1500,5,0.154,13.8,32.7
2024-11-09,Kuching,0.612,1500,5,0.092,16.9,32.3
2024-11-10,Kuching,0.625,1500,5,0.198,17.3,32.7
2024-11-11,Kuching,0.63,1500,5,0.034,15.1,33.1
2024-11-12,Kuching,0.632,1500,5,0.033,15.6,32
2024-11-13,Kuching,0.632,1500,5,0.07,16.7,32.2
2024-11-14,Kuching,0.62,1500,5,0.16,17,32.4
2024-11-15,Kuching,0.617,1500,5,0.265,12.8,31.9
2024-11-16,Kuching,0.618,1500,5,0.078,11,32.6
2024-11-17,Kuching,0.634,1500,5,-0.144,10.4,32.2
2024-11-18,Kuching,0.641,1500,5,0.088,10.2,32
2024-11-19,Kuching,0.625,1500,5,0.143,11.5,31.7
2024-11-20,Kuching,0.633,1500,5,0.027,11.7,31.5
2024-11-21,Kuching,0.633,1500,5,0.272,8.8,30.7
2024-11-22,Kuching,0.63,1500,5,0.264,9.8,29.8
2024-11-23,Kuching,0.64,1500,5,0.415,11.2,30.9
2024-11-24,Kuching,0.653,1500,5,0.376,12.2,30.3
2024-11-25,Kuching,0.664,1500,5,0.641,14.1,29.7
2024-11-26,Kuching,0.655,1500,5,0.82,15.3,28.5
2024-11-27,Kuching,0.653,1500,5,0.669,15.5,28.4
2024-11-28,Kuching,0.658,1500,5,0.724,14.6,27.9
2024-11-29,Kuching,0.669,1500,5,0.72,10.7,29.2
2024-11-30,Kuching,0.663,1500,5,0.825,11.6,30
2024-12-01,Kuching,0.662,1500,5,0.562,11.9,29.6
2024-12-02,Kuching,0.651,1500,5,0.586,12.3,31
2024-12-03,Kuching,0.642,1500,5,0.661,9.6,31.5
2024-12-04,Kuching,0.654,1500,5,0.301,7.6,31.1
2024-12-05,Kuching,0.67,1500,5,0.08,10.3,29.4
2024-12-06,Kuching,0.669,1500,5,-0.237,10.3,30.9
2024-12-07,Kuching,0.679,1500,5,-0.242,11.8,29.9
2024-12-08,Kuching,0.682,1500,5,-0.099,11.8,28.9
2024-12-09,Kuching,0.674,1500,5,0.139,11.8,29.7
2024-12-10,Kuching,0.678,1500,5,0.126,13.6,31.2
2024-12-11,Kuching,0.692,1500,5,0.347,12.3,31.8
2024-12-12,Kuching,0.689,1500,5,0.083,12.4,31.9
2024-12-13,Kuching,0.703,1500,5,-0.192,11.4,31.9
2024-12-14,Kuching,0.673,1500,5,-0.179,10.5,32.1
2024-12-15,Kuching,0.682,1500,5,-0.103,10.1,32.2
2024-12-16,Kuching,0.682,1500,5,-0.102,10.8,32
2024-12-17,Kuching,0.679,1500,5,-0.407,10,31.7
2024-12-18,Kuching,0.68,1500,5,-0.371,12.9,31.4
2024-12-19,Kuching,0.66,1500,5,-0.523,11,30.7
2024-12-20,Kuching,0.661,1500,5,-0.358,10.8,30.3
2024-12-21,Kuching,0.668,1500,5,-0.264,10.1,29.2
2024-12-22,Kuching,0.685,1500,5,-0.381,13.4,29.2
2024-12-23,Kuching,0.68,1500,5,-0.417,13.6,28.6
2024-12-24,Kuching,0.672,1500,5,-0.531,15.5,28.1
2024-12-25,Kuching,0.669,1500,5,-0.479,12.1,28.4
2024-12-26,Kuching,0.681,1500,5,-0.284,12.7,29.4
2024-12-27,Kuching,0.685,1500,5,-0.41,14.5,29.9
2024-12-28,Kuching,0.68,1500,5,-0.294,14.5,28.9
2024-12-29,Kuching,0.686,1500,5,-0.352,16.4,28.4
2024-12-30,Kuching,0.688,1500,5,-0.441,14.8,29.1
2024-12-31,Kuching,0.698,1500,5,-0.416,17.4,28.5
2025-01-01,Kuching,0.689,1500,5,-0.527,21.3,28.5
2025-01-02,Kuching,0.686,1500,5,-0.557,19.4,29
2025-01-03,Kuching,0.683,1500,5,-0.679,17.6,28.4
2025-01-04,Kuching,0.669,1500,5,-0.31,19.9,28.6
2025-01-05,Kuching,0.676,1500,5,-0.286,22.1,27.9
2025-01-06,Kuching,0.681,1500,5,-0.377,19.8,27.7
2025-01-07,Kuching,0.683,1500,5,-0.318,18,28.1
2025-01-08,Kuching,0.682,1500,5,-0.318,16.8,27.3
2025-01-09,Kuching,0.67,1500,5,-0.335,13.7,27.8
2025-01-10,Kuching,0.67,1500,5,-0.226,11.9,28
2025-01-11,Kuching,0.67,1500,5,-0.112,10.2,28.5
2025-01-12,Kuching,0.666,1500,5,-0.209,9.3,28.7
2025-01-13,Kuching,0.669,1500,5,-0.299,10,29.5
2025-01-14,Kuching,0.678,1500,5,-0.331,11.1,29.5
2025-01-15,Kuching,0.7,1500,5,-0.664,14.7,29.2
2025-01-16,Kuching,0.701,1500,5,-0.829,12.7,29.2
2025-01-17,Kuching,0.704,1500,5,-0.538,15,29.5
2025-01-18,Kuching,0.702,1500,5,-0.25,14.5,29.4
2025-01-19,Kuching,0.683,1500,5,-0.29,14.5,29.3
2025-01-20,Kuching,0.685,1500,5,-0.201,15.9,28.8
2025-01-21,Kuching,0.688,1500,5,-0.165,13.6,28.4
2025-01-22,Kuching,0.715,1500,5,0.279,14.6,27.6
2025-01-23,Kuching,0.711,1500,5,0.362,15,28.8
2025-01-24,Kuching,0.713,1500,5,0.245,16.1,28.1
2025-01-25,Kuching,0.711,1500,5,0.02,16.6,27.7
2025-01-26,Kuching,0.698,1500,5,-0.269,21.3,27.4
2025-01-27,Kuching,0.711,1500,5,-0.244,19.2,28.2
2025-01-28,Kuching,0.717,1500,5,-0.367,17.7,28.1
2025-01-29,Kuching,0.723,1500,5,-0.573,16.2,28.9
2025-01-30,Kuching,0.712,1500,5,-0.632,15,28.4
2025-01-31,Kuching,0.725,1500,5,-0.748,13.9,28.6
2025-02-01,Kuching,0.708,1500,5,-0.431,16.7,28.1
2025-02-02,Kuching,0.714,1500,5,-0.284,19.5,29.4
2025-02-03,Kuching,0.735,1500,5,-0.293,17.9,28.6
2025-02-04,Kuching,0.721,1500,5,-0.078,16,28.8
2025-02-05,Kuching,0.713,1500,5,-0.106,17.1,29.1
2025-02-06,Kuching,0.713,1500,5,-0.271,15.9,29.2
2025-02-07,Kuching,0.707,1500,5,-0.054,17.3,29
2025-02-08,Kuching,0.692,1500,5,-0.018,17.7,28.8
2025-02-09,Kuching,0.695,1500,5,-0.225,14.6,28.8
2025-02-10,Kuching,0.687,1500,5,-0.273,18.1,28.7
2025-02-11,Kuching,0.695,1500,5,-0.418,21.5,29.2
2025-02-12,Kuching,0.688,1500,5,-0.617,19.7,30.4
2025-02-13,Kuching,0.706,1500,5,-0.441,18.6,29.7
2025-02-14,Kuching,0.699,1500,5,-0.144,19,28.7
2025-02-15,Kuching,0.697,1500,5,-0.388,19.5,28.6
2025-02-16,Kuching,0.707,1500,5,-0.302,20.5,30.1
2025-02-17,Kuching,0.695,1500,5,-0.411,24.2,29.4
2025-02-18,Kuching,0.7,1500,5,-0.48,22.9,30.2
2025-02-19,Kuching,0.714,1500,5,-0.554,20.6,30.9
2025-02-20,Kuching,0.698,1500,5,-0.658,17.5,30.2
2025-02-21,Kuching,0.701,1500,5,-0.61,16.1,30.2
2025-02-22,Kuching,0.705,1500,5,-0.702,16.4,30.9
2025-02-23,Kuching,0.714,1500,5,-0.614,20.3,30.3
2025-02-24,Kuching,0.701,1500,5,-0.589,19,29.9
2025-02-25,Kuching,0.689,1500,5,-0.595,19.4,29.3
2025-02-26,Kuching,0.698,1500,5,-0.701,19.3,28.5
2025-02-27,Kuching,0.702,1500,5,-0.742,21.6,28.1
2025-02-28,Kuching,0.706,1500,5,-0.577,26.2,27.4
2025-03-01,Kuching,0.71,1500,5,-0.475,24.1,27.5
2025-03-02,Kuching,0.703,1500,5,-0.61,22.4,27.1
2025-03-03,Kuching,0.707,1500,5,-0.564,24,27.4
2025-03-04,Kuching,0.71,1500,5,-0.427,24.7,26.6
2025-03-05,Kuching,0.703,1500,5,-0.673,27.6,27.1
2025-03-06,Kuching,0.723,1500,5,-0.551,27.5,27.7
2025-03-07,Kuching,0.725,1500,5,-0.628,25.6,26.6
2025-03-08,Kuching,0.711,1500,5,-0.509,25.9,27.1
2025-03-09,Kuching,0.717,1500,5,-0.607,27.2,28
2025-03-10,Kuching,0.706,1500,5,-0.847,27.7,27.3
2025-03-11,Kuching,0.715,1500,5,-1.024,27.6,28.4
2025-03-12,Kuching,0.725,1500,5,-0.924,28.5,28.6
2025-03-13,Kuching,0.714,1500,5,-0.807,29.6,28.1
2025-03-14,Kuching,0.723,1500,5,-0.881,31,28.1
2025-03-15,Kuching,0.725,1500,5,-0.713,30.6,28.5
2025-03-16,Kuching,0.731,1500,5,-0.915,28.7,28.5
2025-03-17,Kuching,0.746,1500,5,-0.848,27.8,28.8
2025-03-18,Kuching,0.738,1500,5,-0.962,29.1,28.1
2025-03-19,Kuching,0.726,1500,5,-0.975,26.2,28.2
2025-03-20,Kuching,0.714,1500,5,-0.881,26.1,27.4
2025-03-21,Kuching,0.704,1500,5,-0.937,24.5,27.4
2025-03-22,Kuching,0.704,1500,5,-0.913,23.9,27
2025-03-23,Kuching,0.707,1500,5,-0.684,26,26.8
2025-03-24,Kuching,0.71,1500,5,-0.726,25.6,27.7
2025-03-25,Kuching,0.717,1500,5,-0.55,25,28.5
2025-03-26,Kuching,0.715,1500,5,-0.695,21.7,28.8
2025-03-27,Kuching,0.728,1500,5,-0.568,23.1,28.1
2025-03-28,Kuching,0.722,1500,5,-0.324,24.1,27.9
2025-03-29,Kuching,0.746,1500,5,-0.703,27.9,28.7
2025-03-30,Kuching,0.746,1500,5,-0.774,26.3,28.7
2025-03-31,Kuching,0.731,1500,5,-0.627,26,30.1
2025-04-01,Kuching,0.715,1500,5,-0.619,25.8,30
2025-04-02,Kuching,0.718,1500,5,-0.526,28.3,29.9
2025-04-03,Kuching,0.713,1500,5,-0.593,27,29.5
2025-04-04,Kuching,0.718,1500,5,-0.545,26.7,29.4
2025-04-05,Kuching,0.72,1500,5,-0.541,27.2,29.1
2025-04-06,Kuching,0.716,1500,5,-0.338,26.7,29.5
2025-04-07,Kuching,0.705,1500,5,-0.302,25,29.9
2025-04-08,Kuching,0.689,1500,5,-0.259,24.9,29.2
2025-04-09,Kuching,0.685,1500,5,-0.334,26.6,28.3
2025-04-10,Kuching,0.696,1500,5,-0.408,23.8,27.2
2025-04-11,Kuching,0.698,1500,5,-0.463,23.7,27.7
2025-04-12,Kuching,0.685,1500,5,-0.385,22,27.2
2025-04-13,Kuching,0.688,1500,5,-0.44,24.4,26.1
2025-04-14,Kuching,0.693,1500,5,-0.38,20.9,26.7
2025-04-15,Kuching,0.684,1500,5,-0.06,20,28.4
2025-04-16,Kuching,0.687,1500,5,0.032,21,28.5
2025-04-17,Kuching,0.688,1500,5,-0.069,24.3,29
2025-04-18,Kuching,0.677,1500,5,0.075,23.8,29
2025-04-19,Kuching,0.683,1500,5,-0.044,22.4,28.9
2025-04-20,Kuching,0.689,1500,5,-0.388,26.1,29.4
2025-04-21,Kuching,0.7,1500,5,-0.526,22.6,29.1
2025-04-22,Kuching,0.709,1500,5,-0.771,18.1,29.2
2025-04-23,Kuching,0.692,1500,5,-0.752,19.5,29.3
2025-04-24,Kuching,0.682,1500,5,-0.679,18.9,28.8
2025-04-25,Kuching,0.688,1500,5,-0.367,17.3,29.4
2025-04-26,Kuching,0.692,1500,5,-0.304,19.4,29.2
2025-04-27,Kuching,0.696,1500,5,-0.331,20.3,28.7
2025-04-28,Kuching,0.733,1500,5,-0.197,19.4,29
2025-04-29,Kuching,0.731,1500,5,-0.537,17.3,28.5
2025-04-30,Kuching,0.735,1500,5,-0.459,19.7,28.5
2025-05-01,Kuching,0.737,1500,5,-0.312,21.4,28.6
2025-05-02,Kuching,0.735,1500,5,-0.523,21.3,29.3
2025-05-03,Kuching,0.724,1500,5,-0.308,25.1,29.5
2025-05-04,Kuching,0.725,1500,5,-0.246,22.5,29.4
2025-05-05,Kuching,0.71,1500,5,-0.305,19.4,29.8
2025-05-06,Kuching,0.703,1500,5,-0.197,18.4,30.6
2025-05-07,Kuching,0.694,1500,5,0.141,18.8,30.7
2025-05-08,Kuching,0.692,1500,5,0.116,19.8,30.4
2025-05-09,Kuching,0.713,1500,5,0.106,19.6,29.4
2025-05-10,Kuching,0.688,1500,5,-0.008,20.7,28.8
2025-05-11,Kuching,0.693,1500,5,-0.163,18.4,28.6
2025-05-12,Kuching,0.674,1500,5,-0.041,21.8,28.3
2025-05-13,Kuching,0.669,1500,5,-0.19,21.6,28.4
2025-05-14,Kuching,0.68,1500,5,-0.176,23.9,28.5
2025-05-15,Kuching,0.679,1500,5,-0.246,24.3,29
2025-05-16,Kuching,0.667,1500,5,-0.161,24.8,29
2025-05-17,Kuching,0.66,1500,5,-0.109,25.5,29.3
2025-05-18,Kuching,0.668,1500,5,0.041,25.8,29.4
2025-05-19,Kuching,0.66,1500,5,-0.062,26.5,28.2
2025-05-20,Kuching,0.663,1500,5,-0.113,28.5,27.8
2025-05-21,Kuching,0.664,1500,5,-0.262,27.8,28
2025-05-22,Kuching,0.658,1500,5,-0.307,28.3,27.5
2025-05-23,Kuching,0.68,1500,5,-0.221,27.1,28.1
2025-05-24,Kuching,0.684,1500,5,-0.09,29.2,29.3
2025-05-25,Kuching,0.66,1500,5,-0.23,26.7,30
2025-05-26,Kuching,0.662,1500,5,-0.079,29.5,29.8
2025-05-27,Kuching,0.655,1500,5,0.124,28.2,30.7
2025-05-28,Kuching,0.664,1500,5,0.156,24.3,30.6
2025-05-29,Kuching,0.655,1500,5,0.403,24.1,30.3
2025-05-30,Kuching,0.655,1500,5,0.217,22.3,29.8
2025-05-31,Kuching,0.66,1500,5,-0.011,23.8,29.6
2025-06-01,Kuching,0.668,1500,5,-0.284,22.1,29.4
2025-06-02,Kuching,0.654,1500,5,-0.023,21.1,29.6
2025-06-03,Kuching,0.651,1500,5,0.073,17.3,29.7
2025-06-04,Kuching,0.646,1500,5,0.049,17,29.7
2025-06-05,Kuching,0.641,1500,5,0.08,12.7,30
2025-06-06,Kuching,0.66,1500,5,-0.103,10.8,30.7
2025-06-07,Kuching,0.662,1500,5,0.278,13.8,31.2
2025-06-08,Kuching,0.648,1500,5,0.255,16.4,30.1
2025-06-09,Kuching,0.657,1500,5,0.234,17.9,28.6
2025-06-10,Kuching,0.677,1500,5,0.309,16.4,29.3
2025-06-11,Kuching,0.683,1500,5,0.338,16.9,28.6
2025-06-12,Kuching,0.662,1500,5,0.325,17.4,28.7
2025-06-13,Kuching,0.655,1500,5,0.162,15.6,28.2
2025-06-14,Kuching,0.666,1500,5,0.214,19.3,27.4
2025-06-15,Kuching,0.656,1500,5,0.471,21.2,28.2
2025-06-16,Kuching,0.658,1500,5,0.61,20.6,28.9
2025-06-17,Kuching,0.663,1500,5,0.767,20.6,28.8
2025-06-18,Kuching,0.651,1500,5,0.585,20.9,27.5
2025-06-19,Kuching,0.649,1500,5,0.36,16.7,27.6
2025-06-20,Kuching,0.615,1500,5,0.299,16.7,28.2
2025-06-21,Kuching,0.608,1500,5,0.276,15.8,27.7
2025-06-22,Kuching,0.61,1500,5,0.412,14.4,28.2
2025-06-23,Kuching,0.602,1500,5,0.112,14.6,28.5
2025-06-24,Kuching,0.623,1500,5,0.34,19,29.2
2025-06-25,Kuching,0.611,1500,5,0.283,20.3,29.4
2025-06-26,Kuching,0.61,1500,5,0.194,19,29
2025-06-27,Kuching,0.615,1500,5,0.032,20.2,30
2025-06-28,Kuching,0.632,1500,5,-0.201,22.9,30
2025-06-29,Kuching,0.618,1500,5,-0.026,24.2,30.1
2025-06-30,Kuching,0.632,1500,5,0.011,23.5,29.6
2025-07-01,Kuching,0.632,1500,5,-0.161,21.5,29.5
2025-07-02,Kuching,0.622,1500,5,-0.308,22.5,29.1
2025-07-03,Kuching,0.628,1500,5,-0.287,22.8,29.3
2025-07-04,Kuching,0.63,1500,5,0.032,23.9,30.5
2025-07-05,Kuching,0.624,1500,5,0.015,24.4,29.7
2025-07-06,Kuching,0.625,1500,5,-0.185,25.6,28.9
2025-07-07,Kuching,0.622,1500,5,-0.166,23.5,30.1
2025-07-08,Kuching,0.623,1500,5,-0.152,25.3,30.1
2025-07-09,Kuching,0.63,1500,5,-0.503,24.7,29.8
2025-07-10,Kuching,0.646,1500,5,-0.405,27.8,30.6
2025-07-11,Kuching,0.63,1500,5,-0.347,25,30.3
2025-07-12,Kuching,0.65,1500,5,-0.157,27.4,31.5
2025-07-13,Kuching,0.627,1500,5,0.178,26.4,31.8
2025-07-14,Kuching,0.625,1500,5,0.355,23.8,31.4
2025-07-15,Kuching,0.63,1500,5,0.297,21.9,32.7
2025-07-16,Kuching,0.632,1500,5,0.123,20.6,32.1
2025-07-17,Kuching,0.624,1500,5,0.528,21,32.4
2025-07-18,Kuching,0.621,1500,5,0.495,21.5,32.4
2025-07-19,Kuching,0.616,1500,5,0.462,19.7,33
2025-07-20,Kuching,0.611,1500,5,0.429,19.2,33.6
2025-07-21,Kuching,0.621,1500,5,0.435,23.2,33.3
2025-07-22,Kuching,0.624,1500,5,0.389,25.7,32.5
2025-07-23,Kuching,0.616,1500,5,0.286,25.2,32.6
2025-07-24,Kuching,0.625,1500,5,0.204,24,32
2025-07-25,Kuching,0.627,1500,5,0.212,23.2,33.1
2025-07-26,Kuching,0.634,1500,5,0.143,23.4,32.9
2025-07-27,Kuching,0.637,1500,5,0.059,20.3,32.5
2025-07-28,Kuching,0.626,1500,5,0.112,19.2,32.4
2025-07-29,Kuching,0.619,1500,5,0.103,15.4,31.5
2025-07-30,Kuching,0.626,1500,5,0.36,16.3,30.9
2025-07-31,Kuching,0.63,1500,5,-0.044,17.5,31.7
2025-08-01,Kuching,0.628,1500,5,0.174,16.3,31.2
2025-08-02,Kuching,0.627,1500,5,0.384,19.4,30.6
2025-08-03,Kuching,0.638,1500,5,0.065,16.4,31.1
2025-08-04,Kuching,0.628,1500,5,0.053,13.3,31.9
2025-08-05,Kuching,0.631,1500,5,0.04,14.1,32.2
2025-08-06,Kuching,0.626,1500,5,-0.126,16.4,32.7
2025-08-07,Kuching,0.622,1500,5,-0.172,19.6,32.1
2025-08-08,Kuching,0.632,1500,5,-0.261,18,31.2
2025-08-09,Kuching,0.637,1500,5,0.094,19.7,32.1
2025-08-10,Kuching,0.641,1500,5,0.273,18.9,31.9
2025-08-11,Kuching,0.65,1500,5,0.477,18,31.7
2025-08-12,Kuching,0.644,1500,5,0.568,19.3,32.5
2025-08-13,Kuching,0.646,1500,5,0.368,19.9,32.7
2025-08-14,Kuching,0.638,1500,5,0.289,15.9,32.8
2025-08-15,Kuching,0.637,1500,5,0.374,18.6,33.9
2025-08-16,Kuching,0.632,1500,5,0.191,20.8,33.2
2025-08-17,Kuching,0.629,1500,5,0.325,18.5,33.5
2025-08-18,Kuching,0.632,1500,5,0.297,18.7,33.3
2025-08-19,Kuching,0.621,1500,5,0.253,19,33.2
2025-08-20,Kuching,0.64,1500,5,0.379,18.7,33.9
2025-08-21,Kuching,0.626,1500,5,0.446,16.9,33.9
2025-08-22,Kuching,0.611,1500,5,0.383,15.1,33.9
2025-08-23,Kuching,0.622,1500,5,0.558,14.8,34.2
2025-08-24,Kuching,0.628,1500,5,0.37,17,33.6
2025-08-25,Kuching,0.632,1500,5,0.466,17.5,32.8
2025-08-26,Kuching,0.635,1500,5,0.544,16.2,32
2025-08-27,Kuching,0.631,1500,5,0.475,17.3,30.8
2025-08-28,Kuching,0.619,1500,5,0.512,11,32.2
2025-08-29,Kuching,0.618,1500,5,0.307,13.6,31.5
2025-08-30,Kuching,0.61,1500,5,0.459,10,31.4
2025-08-31,Kuching,0.62,1500,5,0.422,9.7,31.3
2025-09-01,Kuching,0.617,1500,5,0.341,8,31.5
2025-09-02,Kuching,0.608,1500,5,0.507,6.1,32.1
2025-09-03,Kuching,0.605,1500,5,0.385,9.4,32.6
2025-09-04,Kuching,0.61,1500,5,0.177,8.9,32.1
2025-09-05,Kuching,0.604,1500,5,-0.023,10.2,31.9
2025-09-06,Kuching,0.597,1500,5,0.132,10.4,32.1
2025-09-07,Kuching,0.601,1500,5,-0.02,11.6,31.9
2025-09-08,Kuching,0.605,1500,5,0.307,11.9,32.9
2025-09-09,Kuching,0.601,1500,5,0.009,9.4,33
2025-09-10,Kuching,0.598,1500,5,0.322,11.8,33.3
2025-09-11,Kuching,0.602,1500,5,0.366,10.8,33.4
2025-09-12,Kuching,0.589,1500,5,0.356,7.9,33.9
2025-09-13,Kuching,0.579,1500,5,0.281,7.6,33.7
2025-09-14,Kuching,0.577,1500,5,0.359,11.2,32.6
2025-09-15,Kuching,0.58,1500,5,0.359,13,32.7
2025-09-16,Kuching,0.588,1500,5,0.531,12.1,32.2
2025-09-17,Kuching,0.606,1500,5,0.528,11.3,31.8
2025-09-18,Kuching,0.616,1500,5,0.53,10.7,32.2
2025-09-19,Kuching,0.614,1500,5,0.456,15,32.9
2025-09-20,Kuching,0.614,1500,5,0.438,15.2,32.7
2025-09-21,Kuching,0.604,1500,5,0.477,15.5,32.8
2025-09-22,Kuching,0.606,1500,5,0.207,16.9,33.6
2025-09-23,Kuching,0.604,1500,5,0.032,16.5,33.5
2025-09-24,Kuching,0.609,1500,5,0.197,15.2,34.8
2025-09-25,Kuching,0.602,1500,5,0.251,14.2,34.7
2025-09-26,Kuching,0.609,1500,5,0.243,13.5,33.2
2025-09-27,Kuching,0.626,1500,5,0.266,13.1,33.4
2025-09-28,Kuching,0.623,1500,5,0.335,14.2,33.4
2025-09-29,Kuching,0.627,1500,5,0.26,13.8,33.9
2025-09-30,Kuching,0.632,1500,5,0.16,14.8,34
2024-10-01,Sibu,0.617,1200,5,0.379,11,31.7
2024-10-02,Sibu,0.605,1200,5,0.214,11.9,30.1
2024-10-03,Sibu,0.605,1200,5,0.447,15.7,30.3
2024-10-04,Sibu,0.599,1200,5,0.419,12.2,30.7
2024-10-05,Sibu,0.597,1200,5,0.412,12.3,31.4
2024-10-06,Sibu,0.607,1200,5,0.51,10.7,30.8
2024-10-07,Sibu,0.626,1200,5,0.52,11.5,31
2024-10-08,Sibu,0.629,1200,5,0.637,11.4,30.5
2024-10-09,Sibu,0.617,1200,5,0.636,9.9,30.8
2024-10-10,Sibu,0.622,1200,5,0.499,11,30.4
2024-10-11,Sibu,0.635,1200,5,0.529,14.5,30.3
2024-10-12,Sibu,0.627,1200,5,0.327,13.5,29.9
2024-10-13,Sibu,0.626,1200,5,0.343,14.4,30.5
2024-10-14,Sibu,0.626,1200,5,0.335,11.2,31.2
2024-10-15,Sibu,0.619,1200,5,0.301,9.1,31.1
2024-10-16,Sibu,0.627,1200,5,0.284,10.2,31.1
2024-10-17,Sibu,0.626,1200,5,0.005,13.2,30.3
2024-10-18,Sibu,0.631,1200,5,-0.032,13.4,30.3
2024-10-19,Sibu,0.622,1200,5,0.032,12.3,30.4
2024-10-20,Sibu,0.619,1200,5,0.095,11.9,32.1
2024-10-21,Sibu,0.628,1200,5,-0.03,9.2,31.3
2024-10-22,Sibu,0.625,1200,5,0.207,10.5,32.2
2024-10-23,Sibu,0.643,1200,5,0.088,12.2,32.7
2024-10-24,Sibu,0.638,1200,5,0.262,10.9,32.6
2024-10-25,Sibu,0.64,1200,5,0.327,9.9,33.5
2024-10-26,Sibu,0.649,1200,5,0.221,10.4,33.3
2024-10-27,Sibu,0.633,1200,5,0.493,9.5,33.3
2024-10-28,Sibu,0.616,1200,5,0.278,9.4,32.9
2024-10-29,Sibu,0.604,1200,5,0.412,13.7,33.4
2024-10-30,Sibu,0.622,1200,5,0.537,12.6,33.7
2024-10-31,Sibu,0.619,1200,5,0.391,11.5,32.9
2024-11-01,Sibu,0.648,1200,5,0.577,10,31.8
2024-11-02,Sibu,0.641,1200,5,0.487,11.5,31.6
2024-11-03,Sibu,0.643,1200,5,0.49,10.9,31
2024-11-04,Sibu,0.658,1200,5,0.488,9.5,31
2024-11-05,Sibu,0.676,1200,5,0.426,12.2,31.7
2024-11-06,Sibu,0.692,1200,5,0.514,14.7,31.3
2024-11-07,Sibu,0.697,1200,5,0.586,12.8,31.2
2024-11-08,Sibu,0.7,1200,5,0.264,8.7,31.2
2024-11-09,Sibu,0.698,1200,5,0.448,10.9,31.7
2024-11-10,Sibu,0.698,1200,5,0.159,9.4,30.2
2024-11-11,Sibu,0.685,1200,5,0.316,11.1,29.9
2024-11-12,Sibu,0.672,1200,5,0.462,7,30.2
2024-11-13,Sibu,0.668,1200,5,0.253,9.3,31
2024-11-14,Sibu,0.664,1200,5,0.177,7,30.6
2024-11-15,Sibu,0.658,1200,5,0.007,8.9,29.5
2024-11-16,Sibu,0.664,1200,5,-0.005,9.2,30.1
2024-11-17,Sibu,0.672,1200,5,-0.031,7.4,29.8
2024-11-18,Sibu,0.67,1200,5,0.11,7,29.2
2024-11-19,Sibu,0.683,1200,5,0.309,8.9,29
2024-11-20,Sibu,0.667,1200,5,0.489,9.3,29.1
2024-11-21,Sibu,0.664,1200,5,0.347,10.7,29
2024-11-22,Sibu,0.656,1200,5,0.279,14.6,27.9
2024-11-23,Sibu,0.638,1200,7,-0.001,10.9,28.8
2024-11-24,Sibu,0.64,1200,7,-0.108,14,29.8
2024-11-25,Sibu,0.642,1200,7,0.065,13.7,30.3
2024-11-26,Sibu,0.66,1200,7,0.309,11.5,29.6
2024-11-27,Sibu,0.667,1200,7,0.087,8.7,29.6
2024-11-28,Sibu,0.656,1200,7,-0.005,8.6,29.7
2024-11-29,Sibu,0.676,1200,7,0,10.8,30.1
2024-11-30,Sibu,0.686,1200,7,0.049,10.6,30.5
2024-12-01,Sibu,0.689,1200,7,-0.074,13.6,30
2024-12-02,Sibu,0.683,1200,7,0.006,10.3,30.1
2024-12-03,Sibu,0.671,1200,7,-0.062,10.4,30.4
2024-12-04,Sibu,0.667,1200,7,-0.052,8,31.2
2024-12-05,Sibu,0.678,1200,7,0.04,9.2,31.5
2024-12-06,Sibu,0.696,1200,7,0.036,11.3,31.7
2024-12-07,Sibu,0.708,1200,7,-0.035,10.4,31.5
2024-12-08,Sibu,0.697,1200,7,-0.048,5.4,32.1
2024-12-09,Sibu,0.682,1200,7,-0.056,6.7,32
2024-12-10,Sibu,0.682,1200,7,-0.106,8.3,31.2
2024-12-11,Sibu,0.664,1200,7,-0.134,9.6,31.8
2024-12-12,Sibu,0.669,1200,7,0.121,12.3,32
2024-12-13,Sibu,0.668,1200,7,0.181,10.1,31.4
2024-12-14,Sibu,0.665,1200,7,0.102,11.7,30.8
2024-12-15,Sibu,0.651,1200,7,0.183,14.1,30.9
2024-12-16,Sibu,0.66,1200,7,0.096,10.2,31
2024-12-17,Sibu,0.658,1200,7,0.247,11.1,30.9
2024-12-18,Sibu,0.649,1200,7,0.254,10.3,30.9
2024-12-19,Sibu,0.625,1200,7,0.187,10.4,31.7
2024-12-20,Sibu,0.633,1200,7,0.213,11.3,32
2024-12-21,Sibu,0.658,1200,7,-0.069,10.5,31.8
2024-12-22,Sibu,0.679,1200,7,-0.244,9.4,32
2024-12-23,Sibu,0.675,1200,7,-0.403,10,31
2024-12-24,Sibu,0.67,1200,7,-0.338,8.2,31
2024-12-25,Sibu,0.677,1200,7,-0.046,6.7,31.9
2024-12-26,Sibu,0.669,1200,7,0.276,8.9,31.4
2024-12-27,Sibu,0.674,1200,7,0.31,7.2,30.6
2024-12-28,Sibu,0.684,1200,7,0.317,9.4,30
2024-12-29,Sibu,0.697,1200,7,-0.023,10.9,29.2
2024-12-30,Sibu,0.695,1200,7,-0.125,7.8,28.8
2024-12-31,Sibu,0.692,1200,7,-0.248,7.2,28.6
2025-01-01,Sibu,0.682,1200,7,-0.323,10.4,27.9
2025-01-02,Sibu,0.675,1200,7,-0.325,8.9,28.1
2025-01-03,Sibu,0.675,1200,7,-0.373,8.6,28.8
2025-01-04,Sibu,0.681,1200,7,-0.641,10.3,28.3
2025-01-05,Sibu,0.692,1200,7,-0.461,12.3,29.4
2025-01-06,Sibu,0.684,1200,7,-0.582,12,29.6
2025-01-07,Sibu,0.701,1200,7,-0.489,11.1,30.2
2025-01-08,Sibu,0.697,1200,7,-0.135,14.3,29.6
2025-01-09,Sibu,0.696,1200,7,-0.284,17.8,30
2025-01-10,Sibu,0.689,1200,7,-0.654,19.2,29.2
2025-01-11,Sibu,0.666,1200,7,-0.632,18.6,29.7
2025-01-12,Sibu,0.679,1200,7,-0.407,16.3,29.7
2025-01-13,Sibu,0.689,1200,7,-0.087,14.3,29.9
2025-01-14,Sibu,0.688,1200,7,-0.294,15.4,29.1
2025-01-15,Sibu,0.69,1200,7,-0.213,16.1,28.5
2025-01-16,Sibu,0.697,1200,7,-0.288,18.7,28.9
2025-01-17,Sibu,0.681,1200,7,-0.299,19.4,28.3
2025-01-18,Sibu,0.679,1200,7,0.103,15.7,28.7
2025-01-19,Sibu,0.69,1200,7,-0.178,17.7,27.9
2025-01-20,Sibu,0.679,1200,7,-0.154,15.3,28.5
2025-01-21,Sibu,0.686,1200,7,-0.102,14.5,27.8
2025-01-22,Sibu,0.674,1200,7,0.034,15.1,28.3
2025-01-23,Sibu,0.683,1200,7,0,19.1,28.7
2025-01-24,Sibu,0.686,1200,7,0.003,24.8,28.3
2025-01-25,Sibu,0.672,1200,7,-0.101,24.6,28.7
2025-01-26,Sibu,0.689,1200,7,-0.091,22.9,28.9
2025-01-27,Sibu,0.684,1200,7,-0.174,22.9,28.5
2025-01-28,Sibu,0.679,1200,7,-0.101,23.6,27.9
2025-01-29,Sibu,0.685,1200,7,-0.189,21.8,26.8
2025-01-30,Sibu,0.699,1200,7,-0.152,24.6,27.3
2025-01-31,Sibu,0.69,1200,7,-0.182,23.8,26.6
2025-02-01,Sibu,0.693,1200,7,-0.035,23.6,26.9
2025-02-02,Sibu,0.699,1200,7,-0.087,23.9,27
2025-02-03,Sibu,0.708,1200,7,-0.39,23.6,27.6
2025-02-04,Sibu,0.709,1200,7,-0.193,24.2,27.6
2025-02-05,Sibu,0.705,1200,7,-0.351,21.9,27.5
2025-02-06,Sibu,0.697,1200,7,-0.449,20,28.1
2025-02-07,Sibu,0.7,1200,7,-0.523,17.3,28.3
2025-02-08,Sibu,0.69,1200,7,-0.291,18.2,28.5
2025-02-09,Sibu,0.664,1200,7,-0.621,19.6,28.8
2025-02-10,Sibu,0.675,1200,7,-0.111,20.1,27.8
2025-02-11,Sibu,0.689,1200,7,0.009,23,28.4
2025-02-12,Sibu,0.668,1200,7,-0.013,22.2,28.7
2025-02-13,Sibu,0.664,1200,7,-0.075,22.8,28.1
2025-02-14,Sibu,0.677,1200,7,-0.076,19.9,27.9
2025-02-15,Sibu,0.703,1200,7,-0.043,18.8,28
2025-02-16,Sibu,0.704,1200,7,0.004,20,27.9
2025-02-17,Sibu,0.698,1200,7,0.03,21.4,28.2
2025-02-18,Sibu,0.698,1200,7,-0.018,20.3,29.1
2025-02-19,Sibu,0.713,1200,7,-0.102,19.8,29.6
2025-02-20,Sibu,0.706,1200,7,-0.168,16.5,28.6
2025-02-21,Sibu,0.699,1200,7,-0.23,16.1,28.9
2025-02-22,Sibu,0.696,1200,7,-0.083,18.2,29.6
2025-02-23,Sibu,0.688,1200,7,-0.04,19.4,29.7
2025-02-24,Sibu,0.693,1200,7,-0.534,20.3,30.1
2025-02-25,Sibu,0.712,1200,7,-0.415,20.1,31
2025-02-26,Sibu,0.715,1200,7,-0.383,19.9,31.2
2025-02-27,Sibu,0.712,1200,7,-0.387,18.5,30.9
2025-02-28,Sibu,0.708,1200,7,-0.447,19.9,31.1
2025-03-01,Sibu,0.693,1200,7,-0.271,20.6,30.8
2025-03-02,Sibu,0.704,1200,7,-0.148,21.4,30.4
2025-03-03,Sibu,0.705,1200,7,-0.302,20,29.9
2025-03-04,Sibu,0.704,1200,7,-0.256,15.6,30.6
2025-03-05,Sibu,0.736,1200,7,-0.423,18.4,29.7
2025-03-06,Sibu,0.735,1200,7,-0.627,17.6,30.4
2025-03-07,Sibu,0.724,1200,7,-0.687,16.1,30.4
2025-03-08,Sibu,0.717,1200,7,-0.515,18.1,29.2
2025-03-09,Sibu,0.728,1200,7,-0.355,17.5,29.3
2025-03-10,Sibu,0.726,1200,7,-0.285,20,27.9
2025-03-11,Sibu,0.709,1200,7,-0.194,21.2,28.3
2025-03-12,Sibu,0.718,1200,7,-0.148,22.4,28.8
2025-03-13,Sibu,0.71,1200,7,-0.282,19.3,28.3
2025-03-14,Sibu,0.728,1200,7,-0.235,21.8,28.4
2025-03-15,Sibu,0.736,1200,7,-0.14,22.1,29.5
2025-03-16,Sibu,0.727,1200,7,-0.066,21.1,29
2025-03-17,Sibu,0.737,1200,7,0.063,21.3,28.3
2025-03-18,Sibu,0.733,1200,7,0.1,17.6,29.2
2025-03-19,Sibu,0.738,1200,7,0.078,18.8,30.2
2025-03-20,Sibu,0.738,1200,7,0.168,17,29.9
2025-03-21,Sibu,0.725,1200,7,0.08,14.9,30.3
2025-03-22,Sibu,0.715,1200,7,-0.124,12.7,30.8
2025-03-23,Sibu,0.724,1200,7,-0.188,16.1,29.9
2025-03-24,Sibu,0.718,1200,7,-0.33,15.6,29.4
2025-03-25,Sibu,0.712,1200,7,-0.44,19.4,30
2025-03-26,Sibu,0.701,1200,7,-0.453,18.6,30.7
2025-03-27,Sibu,0.706,1200,7,-0.562,15.5,30.7
2025-03-28,Sibu,0.726,1200,7,-0.581,14.1,29.8
2025-03-29,Sibu,0.712,1200,7,-0.835,17.6,30.8
2025-03-30,Sibu,0.711,1200,7,-0.734,17.9,30.1
2025-03-31,Sibu,0.723,1200,7,-0.68,17.3,29.6
2025-04-01,Sibu,0.719,1200,7,-0.756,18.2,29.6
2025-04-02,Sibu,0.721,1200,7,-0.599,19.7,30.4
2025-04-03,Sibu,0.707,1200,7,-0.423,22.2,30.6
2025-04-04,Sibu,0.71,1200,7,-0.655,24.9,30.5
2025-04-05,Sibu,0.707,1200,7,-0.726,23.7,30.5
2025-04-06,Sibu,0.715,1200,7,-0.786,20.7,30.2
2025-04-07,Sibu,0.725,1200,7,-0.862,20,30.2
2025-04-08,Sibu,0.747,1200,7,-0.661,20.8,28.5
2025-04-09,Sibu,0.745,1200,7,-0.643,19,28.3
2025-04-10,Sibu,0.741,1200,7,-0.637,17.5,28.4
2025-04-11,Sibu,0.736,1200,7,-0.893,18.8,27.8
2025-04-12,Sibu,0.726,1200,7,-0.714,19.1,28.1
2025-04-13,Sibu,0.725,1200,7,-0.843,19.6,28
2025-04-14,Sibu,0.717,1200,7,-0.757,18.4,29.2
2025-04-15,Sibu,0.715,1200,7,-0.65,18.5,30
2025-04-16,Sibu,0.725,1200,7,-0.396,17.1,29.5
2025-04-17,Sibu,0.71,1200,7,-0.581,19.6,29.3
2025-04-18,Sibu,0.719,1200,7,-0.993,22,29.1
2025-04-19,Sibu,0.728,1200,7,-0.863,18.3,28.8
2025-04-20,Sibu,0.721,1200,7,-0.508,17,28.9
2025-04-21,Sibu,0.695,1200,7,-0.291,14.7,28.4
2025-04-22,Sibu,0.688,1200,7,-0.26,14.5,27.8
2025-04-23,Sibu,0.701,1200,7,-0.338,15.5,28.3
2025-04-24,Sibu,0.698,1200,7,-0.208,13.6,28.7
2025-04-25,Sibu,0.687,1200,7,-0.365,13,28.2
2025-04-26,Sibu,0.681,1200,7,-0.28,12.3,28.9
2025-04-27,Sibu,0.69,1200,7,-0.202,14.2,28.5
2025-04-28,Sibu,0.695,1200,7,-0.052,15.5,28.7
2025-04-29,Sibu,0.691,1200,7,0.331,15,29.2
2025-04-30,Sibu,0.686,1200,7,0.302,16.4,29.1
2025-05-01,Sibu,0.681,1200,7,0.144,16.2,29.4
2025-05-02,Sibu,0.672,1200,7,0.082,16.5,29
2025-05-03,Sibu,0.689,1200,7,-0.231,20.7,28.9
2025-05-04,Sibu,0.685,1200,7,-0.335,23.6,28.8
2025-05-05,Sibu,0.696,1200,7,-0.38,20.7,28.3
2025-05-06,Sibu,0.708,1200,7,-0.434,22.6,28.3
2025-05-07,Sibu,0.714,1200,7,-0.378,24.1,27.5
2025-05-08,Sibu,0.704,1200,7,-0.476,21.5,27.5
2025-05-09,Sibu,0.703,1200,7,-0.266,23.2,27.5
2025-05-10,Sibu,0.699,1200,7,-0.256,26.1,27.6
2025-05-11,Sibu,0.686,1200,7,-0.247,23.2,27.7
2025-05-12,Sibu,0.687,1200,7,-0.286,21.2,27.9
2025-05-13,Sibu,0.673,1200,7,-0.247,23.3,28.4
2025-05-14,Sibu,0.685,1200,7,-0.111,23.7,29
2025-05-15,Sibu,0.678,1200,7,-0.249,24.5,28.7
2025-05-16,Sibu,0.679,1200,7,-0.334,24.8,28
2025-05-17,Sibu,0.68,1200,7,-0.352,25.1,27.6
2025-05-18,Sibu,0.675,1200,7,-0.523,22,27.6
2025-05-19,Sibu,0.68,1200,7,-0.588,24,27.6
2025-05-20,Sibu,0.673,1200,7,-0.591,26,27.4
2025-05-21,Sibu,0.681,1200,7,-0.39,24.9,27
2025-05-22,Sibu,0.665,1200,7,-0.31,24.3,27.1
2025-05-23,Sibu,0.666,1200,7,-0.251,20.8,27.5
2025-05-24,Sibu,0.685,1200,7,-0.102,22,28.2
2025-05-25,Sibu,0.671,1200,7,-0.122,23.1,28.1
2025-05-26,Sibu,0.663,1200,7,-0.059,22.7,28
2025-05-27,Sibu,0.668,1200,7,-0.078,24.8,27.7
2025-05-28,Sibu,0.668,1200,7,-0.038,23.6,28
2025-05-29,Sibu,0.67,1200,7,-0.131,24.4,27.7
2025-05-30,Sibu,0.673,1200,7,-0.487,21.9,28.4
2025-05-31,Sibu,0.677,1200,7,-0.442,21.7,27.5
2025-06-01,Sibu,0.685,1200,7,-0.17,21.3,27.6
2025-06-02,Sibu,0.684,1200,7,-0.012,21.7,28.1
2025-06-03,Sibu,0.677,1200,7,0.129,20.9,28.5
2025-06-04,Sibu,0.68,1200,7,0.29,20.6,30.3
2025-06-05,Sibu,0.695,1200,7,0.257,22.3,30.5
2025-06-06,Sibu,0.687,1200,7,0.245,21.2,29.8
2025-06-07,Sibu,0.672,1200,7,0.114,18,29.8
2025-06-08,Sibu,0.68,1200,7,0.049,21.9,28.7
2025-06-09,Sibu,0.674,1200,7,0.135,24.5,28.9
2025-06-10,Sibu,0.648,1200,7,0.297,21.3,28.5
2025-06-11,Sibu,0.657,1200,7,0.234,22.6,29.3
2025-06-12,Sibu,0.65,1200,7,0.135,21.3,29.1
2025-06-13,Sibu,0.648,1200,7,0.12,21.7,29.2
2025-06-14,Sibu,0.651,1200,7,0.198,22.1,29
2025-06-15,Sibu,0.652,1200,7,-0.041,21.3,30.2
2025-06-16,Sibu,0.657,1200,7,-0.372,19.6,30
2025-06-17,Sibu,0.651,1200,7,-0.39,18.3,31.1
2025-06-18,Sibu,0.655,1200,7,-0.504,16.7,31.5
2025-06-19,Sibu,0.65,1200,7,-0.494,15.5,31.6
2025-06-20,Sibu,0.656,1200,7,-0.43,16.1,31.7
2025-06-21,Sibu,0.659,1200,7,-0.42,15.2,31.7
2025-06-22,Sibu,0.647,1200,7,-0.125,17.2,30.4
2025-06-23,Sibu,0.656,1200,7,-0.043,20.6,30.2
2025-06-24,Sibu,0.648,1200,7,0.025,19.3,30.7
2025-06-25,Sibu,0.654,1200,7,0.132,19.8,30.7
2025-06-26,Sibu,0.655,1200,7,-0.041,20.7,29.8
2025-06-27,Sibu,0.67,1200,7,0.14,21.5,29.9
2025-06-28,Sibu,0.663,1200,7,0.128,21.3,31
2025-06-29,Sibu,0.655,1200,7,0.23,22.4,31.7
2025-06-30,Sibu,0.651,1200,7,0.057,22.9,31.5
2025-07-01,Sibu,0.645,1200,7,-0.162,19.8,32
2025-07-02,Sibu,0.651,1200,7,0.009,21.4,31.6
2025-07-03,Sibu,0.632,1200,7,0.089,22.8,30.4
2025-07-04,Sibu,0.621,1200,7,-0.034,20.7,29.9
2025-07-05,Sibu,0.611,1200,7,-0.133,20.4,31
2025-07-06,Sibu,0.623,1200,7,0.084,21.5,30.8
2025-07-07,Sibu,0.641,1200,7,-0.079,20.6,30.7
2025-07-08,Sibu,0.638,1200,7,0.209,22.4,30.5
2025-07-09,Sibu,0.634,1200,7,0.073,26.5,31.7
2025-07-10,Sibu,0.634,1200,7,0.189,23.7,32.6
2025-07-11,Sibu,0.644,1200,7,0.144,20.1,33.7
2025-07-12,Sibu,0.632,1200,7,0.245,20.4,33.2
2025-07-13,Sibu,0.633,1200,7,0.161,21.4,33
2025-07-14,Sibu,0.641,1200,7,0.147,20.4,31.8
2025-07-15,Sibu,0.643,1200,7,0.167,22.9,32.6
2025-07-16,Sibu,0.642,1200,7,0.028,19.4,31.7
2025-07-17,Sibu,0.649,1200,7,0.172,20.5,31.7
2025-07-18,Sibu,0.618,1200,7,0.107,18.8,31
2025-07-19,Sibu,0.625,1200,7,0.096,22,30.6
2025-07-20,Sibu,0.617,1200,7,-0.028,25.3,30.2
2025-07-21,Sibu,0.599,1200,7,-0.368,22.5,30
2025-07-22,Sibu,0.607,1200,7,-0.3,20.6,29.9
2025-07-23,Sibu,0.623,1200,7,0.149,21.7,29.7
2025-07-24,Sibu,0.621,1200,7,0.287,20.2,30.5
2025-07-25,Sibu,0.63,1200,7,0.284,19.6,29.9
2025-07-26,Sibu,0.644,1200,7,0.246,19.2,30.3
2025-07-27,Sibu,0.653,1200,7,0.258,14.9,31.2
2025-07-28,Sibu,0.664,1200,7,0.347,15.1,30.9
2025-07-29,Sibu,0.664,1200,7,0.164,13.9,30.5
2025-07-30,Sibu,0.657,1200,7,0.353,13.2,30.5
2025-07-31,Sibu,0.635,1200,7,0.455,16.5,31.4
2025-08-01,Sibu,0.629,1200,7,0.543,13.9,31.5
2025-08-02,Sibu,0.619,1200,7,0.576,15.8,31.2
2025-08-03,Sibu,0.64,1200,7,0.542,15.2,31.5
2025-08-04,Sibu,0.634,1200,7,0.611,14.7,30.8
2025-08-05,Sibu,0.632,1200,7,0.659,16.4,31.4
2025-08-06,Sibu,0.635,1200,7,0.558,16.9,31.6
2025-08-07,Sibu,0.632,1200,7,0.44,17.8,31.4
2025-08-08,Sibu,0.646,1200,7,0.441,19.4,30.9
2025-08-09,Sibu,0.634,1200,7,0.66,18.1,30.5
2025-08-10,Sibu,0.633,1200,7,0.428,16.4,31
2025-08-11,Sibu,0.622,1200,7,0.198,14,31.8
2025-08-12,Sibu,0.607,1200,7,0.247,12.4,31.4
2025-08-13,Sibu,0.602,1200,7,0.272,18.7,31.7
2025-08-14,Sibu,0.603,1200,7,0.312,20.5,30.5
2025-08-15,Sibu,0.6,1200,7,0.357,16.9,30.3
2025-08-16,Sibu,0.594,1200,7,0.326,13.9,30.5
2025-08-17,Sibu,0.583,1200,7,0.557,14.9,30.1
2025-08-18,Sibu,0.586,1200,7,0.29,15.9,29.8
2025-08-19,Sibu,0.575,1200,7,0.179,16.7,29.7
2025-08-20,Sibu,0.587,1200,7,0.194,15.8,30.2
2025-08-21,Sibu,0.592,1200,7,-0.024,15.2,30.3
2025-08-22,Sibu,0.58,1200,7,0.011,15.7,29.2
2025-08-23,Sibu,0.581,1200,7,0.317,15.5,28.3
2025-08-24,Sibu,0.578,1200,7,0.331,10.8,28.4
2025-08-25,Sibu,0.586,1200,7,0.375,10.7,29.2
2025-08-26,Sibu,0.603,1200,7,0.188,9.4,27.9
2025-08-27,Sibu,0.585,1200,7,0.127,10.4,28.2
2025-08-28,Sibu,0.59,1200,7,0.111,16.8,28.4
2025-08-29,Sibu,0.591,1200,7,0.106,16.9,29.8
2025-08-30,Sibu,0.601,1200,7,0.342,15.7,29.8
2025-08-31,Sibu,0.604,1200,7,0.434,17.2,30.4
2025-09-01,Sibu,0.598,1200,7,0.262,17.5,30.7
2025-09-02,Sibu,0.596,1200,7,0.32,17.6,29.6
2025-09-03,Sibu,0.59,1200,7,0.407,18.1,30.4
2025-09-04,Sibu,0.604,1200,7,0.577,21.4,30.7
2025-09-05,Sibu,0.605,1200,7,0.788,17.8,31.2
2025-09-06,Sibu,0.625,1200,7,0.578,17.9,33.6
2025-09-07,Sibu,0.622,1200,7,0.43,15.2,32.1
2025-09-08,Sibu,0.614,1200,7,0.237,15.9,33.1
2025-09-09,Sibu,0.598,1200,7,0.227,13.5,32.7
2025-09-10,Sibu,0.582,1200,7,0.323,12.4,32.8
2025-09-11,Sibu,0.571,1200,7,0.483,11.8,32.6
2025-09-12,Sibu,0.579,1200,7,0.459,13.8,32.2
2025-09-13,Sibu,0.589,1200,7,0.402,15.3,31.8
2025-09-14,Sibu,0.577,1200,7,0.425,12.3,32
2025-09-15,Sibu,0.591,1200,7,0.296,12.3,31.1
2025-09-16,Sibu,0.59,1200,7,0.624,10.8,31.6
2025-09-17,Sibu,0.595,1200,7,0.349,8.4,31.4
2025-09-18,Sibu,0.614,1200,7,0.384,8.4,30.8
2025-09-19,Sibu,0.623,1200,7,0.689,8.2,30.7
2025-09-20,Sibu,0.619,1200,7,0.646,13.6,31.6
2025-09-21,Sibu,0.609,1200,7,0.579,14.1,31.3
2025-09-22,Sibu,0.589,1200,7,0.497,10.9,31.6
2025-09-23,Sibu,0.585,1200,7,0.454,9.8,31.2
2025-09-24,Sibu,0.588,1200,7,0.649,12,31.7
2025-09-25,Sibu,0.582,1200,7,0.278,16.1,32.1
2025-09-26,Sibu,0.586,1200,7,0.524,12.1,33.2
2025-09-27,Sibu,0.592,1200,7,0.288,8.2,32.8
2025-09-28,Sibu,0.593,1200,7,0.262,12.3,33.1
2025-09-29,Sibu,0.59,1200,7,0.214,12.9,32.9
2025-09-30,Sibu,0.596,1200,7,0.326,10.8,33.5
2024-10-01,Miri,0.568,900,7,0.379,11,31.7
2024-10-02,Miri,0.576,900,7,0.328,12,31.4
2024-10-03,Miri,0.574,900,7,0.301,12.7,31.9
2024-10-04,Miri,0.573,900,7,0.215,10.7,31.5
2024-10-05,Miri,0.574,900,7,0.193,11,31.5
2024-10-06,Miri,0.577,900,7,0.43,11.6,32.8
2024-10-07,Miri,0.575,900,7,0.044,11.5,31.8
2024-10-08,Miri,0.578,900,7,0.281,7.1,30.6
2024-10-09,Miri,0.593,900,7,0.341,7.9,31.2
2024-10-10,Miri,0.601,900,7,0.159,12.7,30.9
2024-10-11,Miri,0.606,900,7,0.024,11.6,30.8
2024-10-12,Miri,0.598,900,7,0.321,10,30.4
2024-10-13,Miri,0.586,900,7,0.18,10.7,30.4
2024-10-14,Miri,0.595,900,7,0.028,11.3,31.5
2024-10-15,Miri,0.601,900,7,0.242,13.5,32
2024-10-16,Miri,0.613,900,7,0.304,10.5,32.4
2024-10-17,Miri,0.603,900,7,0.164,11.9,31.4
2024-10-18,Miri,0.598,900,7,0.217,12.8,30.7
2024-10-19,Miri,0.579,900,7,0.076,12.1,29.1
2024-10-20,Miri,0.576,900,7,0.274,12.5,29
2024-10-21,Miri,0.588,900,7,0.436,14.2,29.9
2024-10-22,Miri,0.583,900,7,0.493,15.3,30.4
2024-10-23,Miri,0.59,900,7,0.515,12.2,30.4
2024-10-24,Miri,0.588,900,7,0.744,13.5,30.5
2024-10-25,Miri,0.592,900,7,0.673,12.9,30.2
2024-10-26,Miri,0.58,900,7,0.434,12.6,30.5
2024-10-27,Miri,0.583,900,7,0.476,12.3,31
2024-10-28,Miri,0.554,900,7,0.755,11.7,30.1
2024-10-29,Miri,0.558,900,7,0.527,13.8,30.4
2024-10-30,Miri,0.547,900,7,0.431,13.1,31.1
2024-10-31,Miri,0.567,900,7,0.464,10.4,30.8
2024-11-01,Miri,0.579,900,7,0.421,9.5,31.3
2024-11-02,Miri,0.586,900,7,0.245,9.9,32.9
2024-11-03,Miri,0.603,900,7,0.41,12.4,32.6
2024-11-04,Miri,0.593,900,7,0.729,13.2,32.6
2024-11-05,Miri,0.612,900,7,0.68,11.1,31.9
2024-11-06,Miri,0.62,900,7,0.473,15.9,31.9
2024-11-07,Miri,0.615,900,7,0.199,15.5,32
2024-11-08,Miri,0.624,900,7,0.237,17.3,31.9
2024-11-09,Miri,0.61,900,7,0.395,15.9,31.2
2024-11-10,Miri,0.601,900,7,0.434,16.1,31.2
2024-11-11,Miri,0.596,900,7,0.394,16.9,32
2024-11-12,Miri,0.592,900,7,0.272,18.3,32.1
2024-11-13,Miri,0.584,900,7,0.091,19.2,32.5
2024-11-14,Miri,0.6,900,7,0.226,19.6,32.1
2024-11-15,Miri,0.599,900,7,0.351,17.5,32.3
2024-11-16,Miri,0.604,900,7,0.088,15.3,32.2
2024-11-17,Miri,0.6,900,7,0.333,15.2,31.4
2024-11-18,Miri,0.584,900,7,0.389,16.4,31.5
2024-11-19,Miri,0.591,900,7,0.559,15,30.7
2024-11-20,Miri,0.576,900,7,0.291,16.4,30.3
2024-11-21,Miri,0.581,900,7,0.059,18.4,30.5
2024-11-22,Miri,0.573,900,7,0.043,15.4,30.6
2024-11-23,Miri,0.6,900,7,0.126,13,29.9
2024-11-24,Miri,0.612,900,7,0.39,12.4,30.6
2024-11-25,Miri,0.614,900,7,0.449,12.7,30.9
2024-11-26,Miri,0.628,900,7,0.357,11.4,30.4
2024-11-27,Miri,0.619,900,7,0.16,14,29.5
2024-11-28,Miri,0.625,900,7,0.329,14.3,29.5
2024-11-29,Miri,0.627,900,7,0.143,13.9,29.3
2024-11-30,Miri,0.629,900,7,0.373,10.6,29.5
2024-12-01,Miri,0.642,900,7,0.281,8,29.4
2024-12-02,Miri,0.647,900,7,0.482,9,28.3
2024-12-03,Miri,0.647,900,7,0.516,5,28.4
2024-12-04,Miri,0.628,900,7,0.421,8,28.4
2024-12-05,Miri,0.619,900,7,0.282,8.1,29.1
2024-12-06,Miri,0.62,900,7,0.189,15.1,28.8
2024-12-07,Miri,0.623,900,7,0.225,19.1,30
2024-12-08,Miri,0.613,900,7,0.202,17.6,28.8
2024-12-09,Miri,0.64,900,7,0.08,16.4,29.8
2024-12-10,Miri,0.655,900,7,0.04,17.7,29.7
2024-12-11,Miri,0.658,900,7,0.041,20.2,30.2
2024-12-12,Miri,0.656,900,7,-0.289,15.6,30.2
2024-12-13,Miri,0.651,900,7,-0.184,11.4,30.8
2024-12-14,Miri,0.64,900,7,-0.31,10.3,30.4
2024-12-15,Miri,0.641,900,7,-0.445,11.7,29.7
2024-12-16,Miri,0.644,900,7,-0.641,12.7,30.5
2024-12-17,Miri,0.631,900,7,-0.825,14.7,30.3
2024-12-18,Miri,0.636,900,7,-0.916,11.9,30.4
2024-12-19,Miri,0.636,900,7,-0.897,7.3,31
2024-12-20,Miri,0.619,900,7,-0.483,9.8,30.2
2024-12-21,Miri,0.614,900,7,-0.504,8.5,30.4
2024-12-22,Miri,0.615,900,7,-0.417,5,29.9
2024-12-23,Miri,0.639,900,7,-0.311,6.4,29.8
2024-12-24,Miri,0.646,900,7,-0.262,8.9,29.8
2024-12-25,Miri,0.633,900,7,-0.253,9.3,28.8
2024-12-26,Miri,0.641,900,7,-0.414,8.9,28.5
2024-12-27,Miri,0.627,900,7,-0.155,9.1,29.4
2024-12-28,Miri,0.642,900,7,0.118,9,29.9
2024-12-29,Miri,0.639,900,7,-0.175,6.9,29.8
2024-12-30,Miri,0.64,900,7,-0.325,6.4,29.9
2024-12-31,Miri,0.656,900,7,-0.343,8.4,29.6
2025-01-01,Miri,0.642,900,7,-0.455,9.7,30.4
2025-01-02,Miri,0.63,900,7,-0.336,10.6,30.1
2025-01-03,Miri,0.629,900,7,-0.421,9,30.1
2025-01-04,Miri,0.643,900,7,-0.06,9.3,30.7
2025-01-05,Miri,0.631,900,7,0.099,5.6,30
2025-01-06,Miri,0.607,900,7,0.087,7.2,30.8
2025-01-07,Miri,0.61,900,7,0.198,11,29.6
2025-01-08,Miri,0.623,900,7,0.304,8.5,30.5
2025-01-09,Miri,0.641,900,7,0.142,8.1,30.1
2025-01-10,Miri,0.64,900,7,-0.035,9.7,29.8
2025-01-11,Miri,0.639,900,7,-0.051,12.8,28.5
2025-01-12,Miri,0.654,900,7,0.051,12.2,28.3
2025-01-13,Miri,0.637,900,7,0.029,11.1,27.8
2025-01-14,Miri,0.638,900,7,-0.248,7.7,27.6
2025-01-15,Miri,0.644,900,7,-0.368,8.9,27.7
2025-01-16,Miri,0.652,900,7,-0.361,13.8,28.5
2025-01-17,Miri,0.649,900,7,-0.357,14.5,28.6
2025-01-18,Miri,0.652,900,7,-0.047,14.5,28.8
2025-01-19,Miri,0.63,900,7,-0.288,15.2,28.2
2025-01-20,Miri,0.629,900,7,-0.209,15.2,27.7
2025-01-21,Miri,0.64,900,7,0.004,13.5,29
2025-01-22,Miri,0.635,900,7,0.302,15.4,28.5
2025-01-23,Miri,0.641,900,7,0.153,15.9,29.5
2025-01-24,Miri,0.65,900,7,0.16,15.9,29.3
2025-01-25,Miri,0.65,900,7,0.177,13.9,29.2
2025-01-26,Miri,0.655,900,7,0.134,16.7,29.7
2025-01-27,Miri,0.648,900,7,0.054,17.9,30.3
2025-01-28,Miri,0.65,900,7,0.064,16.5,30
2025-01-29,Miri,0.66,900,7,-0.372,18.4,29.6
2025-01-30,Miri,0.663,900,7,-0.262,17.1,29.4
2025-01-31,Miri,0.659,900,7,-0.252,15.4,29.5
2025-02-01,Miri,0.664,900,7,-0.297,14,29.8
2025-02-02,Miri,0.673,900,7,0.005,10.8,29.7
2025-02-03,Miri,0.653,900,7,-0.147,12.6,29.8
2025-02-04,Miri,0.668,900,7,-0.236,9.5,30.6
2025-02-05,Miri,0.666,900,7,0.047,8.2,30.5
2025-02-06,Miri,0.672,900,7,-0.137,5.3,30.4
2025-02-07,Miri,0.685,900,7,-0.252,6.9,29.2
2025-02-08,Miri,0.67,900,7,-0.289,8.1,27.5
2025-02-09,Miri,0.664,900,7,-0.173,8.8,27.9
2025-02-10,Miri,0.663,900,7,-0.17,8,27.9
2025-02-11,Miri,0.658,900,7,-0.392,7,27.7
2025-02-12,Miri,0.678,900,7,-0.468,9.5,27.9
2025-02-13,Miri,0.67,900,7,-0.544,9.6,27.9
2025-02-14,Miri,0.666,900,7,-0.53,11.4,28.7
2025-02-15,Miri,0.67,900,7,-0.442,10.6,28.7
2025-02-16,Miri,0.659,900,7,-0.37,12,28.2
2025-02-17,Miri,0.658,900,7,-0.637,15.5,28.8
2025-02-18,Miri,0.665,900,7,-0.439,17.1,28.6
2025-02-19,Miri,0.664,900,7,-0.393,16.4,28.8
2025-02-20,Miri,0.665,900,7,-0.184,17.2,28.5
2025-02-21,Miri,0.662,900,7,-0.148,16.9,28.1
2025-02-22,Miri,0.65,900,7,-0.019,17.1,28.1
2025-02-23,Miri,0.658,900,7,-0.005,16.7,28.2
2025-02-24,Miri,0.679,900,7,0.139,16.6,28.5
2025-02-25,Miri,0.679,900,7,0.138,17.4,28.3
2025-02-26,Miri,0.681,900,7,0.043,15.6,27.2
2025-02-27,Miri,0.688,900,7,0.318,14,27.1
2025-02-28,Miri,0.674,900,7,0.344,12,27.7
2025-03-01,Miri,0.692,900,7,0.319,9.9,27.6
2025-03-02,Miri,0.692,900,7,0.02,8.8,27.5
2025-03-03,Miri,0.707,900,7,-0.237,10.7,28.2
2025-03-04,Miri,0.695,900,7,-0.217,10.2,27.8
2025-03-05,Miri,0.711,900,7,-0.223,12.6,26.9
2025-03-06,Miri,0.714,900,7,-0.342,13.7,27
2025-03-07,Miri,0.715,900,7,-0.33,10.6,26.9
2025-03-08,Miri,0.712,900,7,-0.102,13.3,26.5
2025-03-09,Miri,0.704,900,7,-0.043,15.9,26.7
2025-03-10,Miri,0.712,900,7,-0.268,14.5,27.2
2025-03-11,Miri,0.709,900,7,-0.305,16.1,27.3
2025-03-12,Miri,0.684,900,7,-0.44,15,27.6
2025-03-13,Miri,0.672,900,7,-0.492,16,28.8
2025-03-14,Miri,0.671,900,7,-0.541,14,28.5
2025-03-15,Miri,0.675,900,7,-0.591,11.4,28.6
2025-03-16,Miri,0.675,900,7,-0.751,11.9,28.3
2025-03-17,Miri,0.687,900,7,-0.717,13,27.8
2025-03-18,Miri,0.666,900,7,-0.753,13.3,27.5
2025-03-19,Miri,0.669,900,7,-1.139,12,27.3
2025-03-20,Miri,0.652,900,7,-0.72,12.5,27.6
2025-03-21,Miri,0.663,900,7,-0.507,14.2,29.1
2025-03-22,Miri,0.664,900,7,-0.547,15.1,28.6
2025-03-23,Miri,0.67,900,7,-0.52,16.3,28.3
2025-03-24,Miri,0.662,900,7,-0.676,15.7,28.2
2025-03-25,Miri,0.676,900,7,-0.379,18.8,28.5
2025-03-26,Miri,0.686,900,7,-0.095,16.8,28.6
2025-03-27,Miri,0.69,900,7,-0.115,18.4,29.3
2025-03-28,Miri,0.686,900,7,-0.001,21.1,27.7
2025-03-29,Miri,0.689,900,7,-0.032,22.1,26.4
2025-03-30,Miri,0.68,900,7,-0.284,21.5,26.4
2025-03-31,Miri,0.687,900,7,-0.359,20.4,27.3
2025-04-01,Miri,0.701,900,7,-0.341,22.6,26.5
2025-04-02,Miri,0.707,900,7,-0.414,19.6,25
2025-04-03,Miri,0.693,900,7,-0.439,17.9,25.8
2025-04-04,Miri,0.693,900,7,-0.441,17.6,26.4
2025-04-05,Miri,0.676,900,7,-0.441,20.7,26
2025-04-06,Miri,0.681,900,7,-0.421,21.6,25.8
2025-04-07,Miri,0.683,900,7,-0.57,19.6,25.6
2025-04-08,Miri,0.661,900,7,-0.644,19.3,26.1
2025-04-09,Miri,0.65,900,7,-0.792,18.4,26.1
2025-04-10,Miri,0.649,900,7,-0.578,17.5,26.7
2025-04-11,Miri,0.648,900,7,-0.858,20.1,25.3
2025-04-12,Miri,0.638,900,7,-0.607,17.6,25.2
2025-04-13,Miri,0.646,900,7,-0.358,21.4,25.1
2025-04-14,Miri,0.65,900,7,-0.399,23.1,25.4
2025-04-15,Miri,0.65,900,7,-0.778,25.1,25.6
2025-04-16,Miri,0.644,900,4,-0.763,23.7,26.5
2025-04-17,Miri,0.656,900,4,-0.706,23.1,25.7
2025-04-18,Miri,0.673,900,4,-0.798,20.1,26.2
2025-04-19,Miri,0.666,900,4,-0.802,19.3,26.9
2025-04-20,Miri,0.658,900,4,-0.497,20.7,28.2
2025-04-21,Miri,0.663,900,4,-0.368,23.5,28
2025-04-22,Miri,0.658,900,4,-0.495,21,28.3
2025-04-23,Miri,0.656,900,4,-0.704,20.4,27.3
2025-04-24,Miri,0.663,900,4,-0.69,20.4,26.1
2025-04-25,Miri,0.642,900,4,-0.66,17.8,27
2025-04-26,Miri,0.656,900,4,-0.527,19.6,27.2
2025-04-27,Miri,0.656,900,4,-0.569,18.5,28.2
2025-04-28,Miri,0.651,900,4,-0.446,18.7,27.5
2025-04-29,Miri,0.649,900,4,-0.128,18.3,28
2025-04-30,Miri,0.649,900,4,-0.024,17.3,29.2
2025-05-01,Miri,0.631,900,4,-0.065,18,29.4
2025-05-02,Miri,0.648,900,4,-0.119,18.1,29.5
2025-05-03,Miri,0.648,900,4,-0.19,18,29.4
2025-05-04,Miri,0.652,900,4,-0.019,17.1,28.4
2025-05-05,Miri,0.66,900,4,-0.144,18.5,29.3
2025-05-06,Miri,0.647,900,4,-0.148,22.3,28.9
2025-05-07,Miri,0.65,900,4,-0.15,22.6,29.2
2025-05-08,Miri,0.646,900,4,-0.234,24.5,28.3
2025-05-09,Miri,0.653,900,4,-0.435,21.3,27.7
2025-05-10,Miri,0.63,900,4,-0.35,21.7,28.8
2025-05-11,Miri,0.63,900,4,-0.335,19.6,28.6
2025-05-12,Miri,0.625,900,4,-0.237,17,29.6
2025-05-13,Miri,0.63,900,4,-0.308,16.2,29.5
2025-05-14,Miri,0.635,900,4,-0.104,19.5,28.3
2025-05-15,Miri,0.628,900,4,-0.245,21.7,29
2025-05-16,Miri,0.621,900,4,0.025,22.2,28.7
2025-05-17,Miri,0.621,900,4,-0.263,19.1,29.2
2025-05-18,Miri,0.614,900,4,-0.18,19.1,29.2
2025-05-19,Miri,0.624,900,4,-0.103,20.1,28.3
2025-05-20,Miri,0.621,900,4,-0.226,20.7,28.6
2025-05-21,Miri,0.593,900,4,-0.147,17.1,30
2025-05-22,Miri,0.594,900,4,0.049,16,30.3
2025-05-23,Miri,0.588,900,4,-0.308,16.7,30.1
2025-05-24,Miri,0.577,900,4,-0.202,18.5,30.7
2025-05-25,Miri,0.571,900,4,-0.56,14.6,30.6
2025-05-26,Miri,0.58,900,4,-0.635,15.3,30.6
2025-05-27,Miri,0.599,900,4,-0.308,16.5,29.8
2025-05-28,Miri,0.605,900,4,-0.361,18.9,29.9
2025-05-29,Miri,0.601,900,4,-0.494,20.7,30.5
2025-05-30,Miri,0.608,900,4,-0.459,21.9,29.9
2025-05-31,Miri,0.605,900,4,-0.088,20.2,30.7
2025-06-01,Miri,0.599,900,4,-0.358,16.6,30.5
2025-06-02,Miri,0.59,900,4,-0.468,16.5,29.9
2025-06-03,Miri,0.576,900,4,-0.179,19.1,30.5
2025-06-04,Miri,0.577,900,4,0.122,22.2,30.2
2025-06-05,Miri,0.584,900,4,0.085,23.4,30.6
2025-06-06,Miri,0.587,900,4,-0.116,23.9,30.3
2025-06-07,Miri,0.586,900,4,0.214,24.2,30.2
2025-06-08,Miri,0.58,900,4,0.421,22.6,30.5
2025-06-09,Miri,0.59,900,4,0.46,22,30.6
2025-06-10,Miri,0.579,900,4,0.271,25.2,29.3
2025-06-11,Miri,0.59,900,4,0.226,22.6,28.8
2025-06-12,Miri,0.582,900,4,0.172,25.5,29.5
2025-06-13,Miri,0.578,900,4,0.2,24.1,29.5
2025-06-14,Miri,0.567,900,4,0.394,26.2,29.3
2025-06-15,Miri,0.567,900,4,0.474,22.5,28.6
2025-06-16,Miri,0.581,900,4,0.249,23.3,28.2
2025-06-17,Miri,0.589,900,4,0.427,21.4,27.3
2025-06-18,Miri,0.6,900,4,0.42,18.3,27.7
2025-06-19,Miri,0.605,900,4,0.471,19,27.7
2025-06-20,Miri,0.592,900,4,0.632,21.2,27.6
2025-06-21,Miri,0.589,900,4,0.384,19.3,27.9
2025-06-22,Miri,0.582,900,4,0.335,16.4,28.5
2025-06-23,Miri,0.597,900,4,0.22,16.7,30.1
2025-06-24,Miri,0.584,900,4,-0.032,16.9,29.2
2025-06-25,Miri,0.594,900,4,0.042,18.4,30.1
2025-06-26,Miri,0.603,900,4,0.43,20.5,30.8
2025-06-27,Miri,0.619,900,4,0.109,20.2,30.3
2025-06-28,Miri,0.61,900,4,0.108,23.7,30.4
2025-06-29,Miri,0.614,900,4,0.209,23.5,30.2
2025-06-30,Miri,0.633,900,4,0.218,22.1,30.4
2025-07-01,Miri,0.619,900,4,0.191,18.4,31.3
2025-07-02,Miri,0.599,900,4,-0.009,18,31.6
2025-07-03,Miri,0.578,900,4,0.052,17.4,31.8
2025-07-04,Miri,0.586,900,4,-0.043,19.5,31.4
2025-07-05,Miri,0.566,900,4,-0.339,20.3,30.4
2025-07-06,Miri,0.565,900,4,-0.081,17.7,30.3
2025-07-07,Miri,0.572,900,4,0.104,18.1,31.1
2025-07-08,Miri,0.575,900,4,0.125,19.5,30.2
2025-07-09,Miri,0.58,900,4,0.171,22.4,29.7
2025-07-10,Miri,0.582,900,4,0.338,23.5,29.9
2025-07-11,Miri,0.594,900,4,0.353,24.2,29.5
2025-07-12,Miri,0.582,900,4,0.469,23.4,29.2
2025-07-13,Miri,0.574,900,4,0.388,23.3,29.3
2025-07-14,Miri,0.567,900,4,0.561,25,28.7
2025-07-15,Miri,0.576,900,4,0.561,21.2,28.5
2025-07-16,Miri,0.585,900,4,0.542,20,29.3
2025-07-17,Miri,0.588,900,4,0.307,18,28.8
2025-07-18,Miri,0.597,900,4,0.342,18.7,28.2
2025-07-19,Miri,0.582,900,4,0.205,20.9,28.2
2025-07-20,Miri,0.597,900,4,0.118,19.2,29.1
2025-07-21,Miri,0.608,900,4,0.019,14.1,29.3
2025-07-22,Miri,0.61,900,4,-0.103,13.7,29.3
2025-07-23,Miri,0.622,900,4,0.273,16,29.6
2025-07-24,Miri,0.597,900,4,0.475,17.2,28.8
2025-07-25,Miri,0.588,900,4,0.735,17.9,29.5
2025-07-26,Miri,0.577,900,4,0.485,17.2,30
2025-07-27,Miri,0.583,900,4,0.468,14.5,30
2025-07-28,Miri,0.57,900,4,0.249,15.8,30.8
2025-07-29,Miri,0.577,900,4,0.154,14.2,30.2
2025-07-30,Miri,0.589,900,4,0.04,18.8,31.1
2025-07-31,Miri,0.593,900,4,0.267,19.5,31.2
2025-08-01,Miri,0.591,900,4,0.216,17.8,31
2025-08-02,Miri,0.578,900,4,0.392,16.3,31.1
2025-08-03,Miri,0.567,900,4,0.474,16,31.1
2025-08-04,Miri,0.579,900,4,0.798,15.5,31.9
2025-08-05,Miri,0.585,900,4,0.507,17.7,31.2
2025-08-06,Miri,0.581,900,4,0.671,17.7,30.8
2025-08-07,Miri,0.574,900,4,0.794,15.9,31.5
2025-08-08,Miri,0.552,900,4,0.581,19.6,31.2
2025-08-09,Miri,0.543,900,4,0.697,19,31.8
2025-08-10,Miri,0.565,900,4,0.696,19.9,32.8
2025-08-11,Miri,0.552,900,4,0.612,17.9,32.3
2025-08-12,Miri,0.555,900,4,0.45,18.2,32.6
2025-08-13,Miri,0.566,900,4,0.329,18.3,31.8
2025-08-14,Miri,0.553,900,4,0.643,13.9,32.2
2025-08-15,Miri,0.556,900,4,0.602,18,32.3
2025-08-16,Miri,0.566,900,4,0.685,20.1,32.5
2025-08-17,Miri,0.565,900,4,0.519,18.4,32
2025-08-18,Miri,0.593,900,4,0.381,15.6,30.9
2025-08-19,Miri,0.571,900,4,0.543,16,31.3
2025-08-20,Miri,0.58,900,4,0.317,15.9,30.2
2025-08-21,Miri,0.576,900,4,0.264,16.3,30.2
2025-08-22,Miri,0.581,900,4,0.288,16.3,31
2025-08-23,Miri,0.582,900,4,0.319,16.9,31.2
2025-08-24,Miri,0.571,900,4,0.303,19.3,32.5
2025-08-25,Miri,0.572,900,4,0.376,19.6,33
2025-08-26,Miri,0.552,900,4,0.482,16.5,32.4
2025-08-27,Miri,0.559,900,4,0.579,18.8,32.3
2025-08-28,Miri,0.562,900,4,0.404,21.2,32.2
2025-08-29,Miri,0.568,900,4,0.36,26.3,31.2
2025-08-30,Miri,0.577,900,4,0.545,22.1,30.7
2025-08-31,Miri,0.578,900,4,0.657,21.2,30.6
2025-09-01,Miri,0.577,900,4,0.413,15.8,29.5
2025-09-02,Miri,0.566,900,4,0.464,16.4,29.9
2025-09-03,Miri,0.558,900,4,0.157,14.8,30
2025-09-04,Miri,0.57,900,4,0.201,18.3,29.3
2025-09-05,Miri,0.583,900,4,0.516,15.9,29.9
2025-09-06,Miri,0.577,900,4,0.357,12,30.6
2025-09-07,Miri,0.575,900,4,0.238,11.1,30.9
2025-09-08,Miri,0.564,900,4,0.377,7.3,30.9
2025-09-09,Miri,0.575,900,4,0.15,9.5,31.4
2025-09-10,Miri,0.58,900,4,0.093,5.8,31.8
2025-09-11,Miri,0.597,900,4,0.228,6.8,32
2025-09-12,Miri,0.583,900,4,0.159,3.4,31.5
2025-09-13,Miri,0.576,900,4,0.16,4,31.7
2025-09-14,Miri,0.576,900,4,0.308,8.5,32.4
2025-09-15,Miri,0.581,900,4,0.385,9.7,32
2025-09-16,Miri,0.576,900,4,0.427,8.2,33.2
2025-09-17,Miri,0.565,900,4,0.371,8.7,32.7
2025-09-18,Miri,0.574,900,4,0.43,9.1,32.6
2025-09-19,Miri,0.58,900,4,0.407,10.4,32
2025-09-20,Miri,0.569,900,4,0.473,7.8,32.1
2025-09-21,Miri,0.582,900,4,0.386,9.5,31
2025-09-22,Miri,0.591,900,4,0.36,4.4,30.8
2025-09-23,Miri,0.589,900,4,0.215,4.1,30.3
2025-09-24,Miri,0.586,900,4,0.236,4.2,30.6
2025-09-25,Miri,0.589,900,4,0.136,6.5,31.4
2025-09-26,Miri,0.577,900,4,0.006,7.2,31.8
2025-09-27,Miri,0.576,900,4,0.101,5,30.4
2025-09-28,Miri,0.554,900,4,0.174,3.9,31.8
2025-09-29,Miri,0.565,900,4,0.322,5.3,32
2025-09-30,Miri,0.55,900,4,0.265,6,31.4
2024-10-01,London,0.261,5600,2,0.474,6.3,25
2024-10-02,London,0.265,5600,2,0.492,11.3,24.8
2024-10-03,London,0.26,5600,2,0.323,10.4,24.7
2024-10-04,London,0.265,5600,2,0.212,6.9,24.4
2024-10-05,London,0.261,5600,2,0.261,6.4,25
2024-10-06,London,0.261,5600,2,0.454,7.3,26.1
2024-10-07,London,0.258,5600,2,0.412,10.4,26.1
2024-10-08,London,0.248,5600,2,0.38,8.5,25.8
2024-10-09,London,0.256,5600,2,0.326,4.9,25.6
2024-10-10,London,0.268,5600,2,0.26,6.6,23.9
2024-10-11,London,0.277,5600,2,0.328,3.6,24.3
2024-10-12,London,0.289,5600,2,0.116,3,24.3
2024-10-13,London,0.294,5600,2,0.352,3,24.4
2024-10-14,London,0.29,5600,2,0.26,3.1,23.9
2024-10-15,London,0.302,5600,2,0.388,4.8,23.6
2024-10-16,London,0.289,5600,2,0.198,3.4,23.3
2024-10-17,London,0.284,5600,2,0.327,3.2,23.8
2024-10-18,London,0.279,5600,2,0.436,3.4,23.5
2024-10-19,London,0.296,5600,2,0.484,4,24.6
2024-10-20,London,0.31,5600,2,0.318,4.3,24.6
2024-10-21,London,0.317,5600,2,0.362,5.3,23.6
2024-10-22,London,0.33,5600,2,0.184,6.9,23.3
2024-10-23,London,0.322,5600,2,0.171,7.4,22.8
2024-10-24,London,0.327,5600,2,0.351,8,21.4
2024-10-25,London,0.328,5600,2,0.469,4.4,22.5
2024-10-26,London,0.339,5600,2,0.451,4.6,22.8
2024-10-27,London,0.339,5600,2,0.286,5.6,23
2024-10-28,London,0.336,5600,2,0.387,6.9,22.9
2024-10-29,London,0.344,5600,2,0.379,5.3,21.9
2024-10-30,London,0.355,5600,2,0.02,3.9,21.5
2024-10-31,London,0.349,5600,2,0.179,3,22
2024-11-01,London,0.351,5600,2,0.192,4.3,21.2
2024-11-02,London,0.342,5600,2,0.386,6.5,19.7
2024-11-03,London,0.322,5600,2,0.206,5.4,19.7
2024-11-04,London,0.332,5600,2,-0.261,7.2,19.7
2024-11-05,London,0.345,5600,2,-0.141,7.1,19.9
2024-11-06,London,0.353,5600,2,-0.038,6.5,20.4
2024-11-07,London,0.338,5600,2,-0.249,5.9,20.8
2024-11-08,London,0.342,5600,2,-0.322,7.3,20.8
2024-11-09,London,0.327,5600,2,0.174,7.6,21.4
2024-11-10,London,0.351,5600,2,0.136,11.8,20.2
2024-11-11,London,0.348,5600,2,0.258,9.1,20.4
2024-11-12,London,0.369,5600,2,0.153,9.5,20.7
2024-11-13,London,0.384,5600,2,-0.154,7.8,19.7
2024-11-14,London,0.379,5600,2,-0.127,5.7,18.7
2024-11-15,London,0.373,5600,2,-0.12,5.6,18.3
2024-11-16,London,0.383,5600,2,-0.136,5.8,17.9
2024-11-17,London,0.381,5600,2,-0.107,11.6,18.5
2024-11-18,London,0.388,5600,2,-0.028,10.3,18.1
2024-11-19,London,0.39,5600,2,-0.023,7.3,17.6
2024-11-20,London,0.378,5600,2,-0.188,7.6,17.3
2024-11-21,London,0.365,5600,2,-0.066,3.1,18
2024-11-22,London,0.379,5600,2,-0.33,3.3,18
2024-11-23,London,0.383,5600,2,-0.57,3.7,17.8
2024-11-24,London,0.387,5600,2,-0.357,5.6,17.7
2024-11-25,London,0.404,5600,2,-0.212,7.6,18.4
2024-11-26,London,0.424,5600,2,-0.175,6.3,17.7
2024-11-27,London,0.426,5600,2,-0.345,6,18.4
2024-11-28,London,0.429,5600,2,-0.388,4.4,18.2
2024-11-29,London,0.439,5600,2,-0.359,3,17.9
2024-11-30,London,0.431,5600,2,-0.536,3.6,19.1
2024-12-01,London,0.44,5600,2,-0.559,3,18
2024-12-02,London,0.451,5600,2,-0.371,3,17.5
2024-12-03,London,0.463,5600,2,-0.096,3,16.5
2024-12-04,London,0.447,5600,2,-0.141,3,16.9
2024-12-05,London,0.446,5600,2,-0.004,6.4,17.7
2024-12-06,London,0.444,5600,2,-0.289,3.8,18.3
2024-12-07,London,0.453,5600,2,-0.147,3,18.5
2024-12-08,London,0.465,5600,2,-0.247,3,17.9
2024-12-09,London,0.486,5600,2,-0.167,3,17.2
2024-12-10,London,0.485,5600,2,-0.183,3.3,15.7
2024-12-11,London,0.484,5600,2,0.037,3,16.7
2024-12-12,London,0.5,5600,2,-0.106,3.2,16.6
2024-12-13,London,0.506,5600,2,-0.004,4.5,15.9
2024-12-14,London,0.521,5600,2,-0.055,7,16.4
2024-12-15,London,0.525,5600,2,-0.081,3.2,15.4
2024-12-16,London,0.514,5600,2,-0.108,3.1,15.3
2024-12-17,London,0.504,5600,2,-0.232,4.2,14.9
2024-12-18,London,0.494,5600,2,-0.214,3,15
2024-12-19,London,0.507,5600,2,-0.207,7.1,14.6
2024-12-20,London,0.525,5600,2,-0.156,6,13.4
2024-12-21,London,0.547,5600,2,-0.138,6.2,13.3
2024-12-22,London,0.556,5600,2,-0.017,7.6,13.8
2024-12-23,London,0.567,5600,2,0.103,6.5,13.5
2024-12-24,London,0.56,5600,2,-0.092,3.1,13.8
2024-12-25,London,0.549,5600,2,0.029,3.1,12.8
2024-12-26,London,0.56,5600,2,-0.178,6,12.6
2024-12-27,London,0.565,5600,2,-0.088,5.7,12.1
2024-12-28,London,0.567,5600,2,-0.009,4.5,12.4
2024-12-29,London,0.572,5600,2,-0.322,7,12.2
2024-12-30,London,0.576,5600,2,-0.289,6.7,12.4
2024-12-31,London,0.59,5600,2,-0.347,6,12.8
2025-01-01,London,0.598,5600,2,-0.432,6.7,13.1
2025-01-02,London,0.602,5600,2,-0.196,8.6,12.9
2025-01-03,London,0.608,5600,2,-0.298,13.5,11.9
2025-01-04,London,0.61,5600,2,-0.408,14.6,11.6
2025-01-05,London,0.603,5600,2,-0.371,16.2,11.1
2025-01-06,London,0.609,5600,2,-0.248,14.2,10.7
2025-01-07,London,0.594,5600,2,-0.27,11.5,10.3
2025-01-08,London,0.605,5600,2,-0.093,11.4,9.6
2025-01-09,London,0.593,5600,2,-0.039,11.5,8.4
2025-01-10,London,0.598,5600,2,-0.401,9.2,8.2
2025-01-11,London,0.591,5600,2,-0.462,9,8.4
2025-01-12,London,0.6,5600,2,-0.52,10,7.7
2025-01-13,London,0.602,5600,2,-0.414,10.9,7.9
2025-01-14,London,0.588,5600,2,-0.79,11.9,9.1
2025-01-15,London,0.597,5600,2,-0.336,12.3,9.7
2025-01-16,London,0.595,5600,2,-0.253,11.2,10.5
2025-01-17,London,0.608,5600,2,-0.24,10.1,10.4
2025-01-18,London,0.611,5600,2,-0.076,7.9,10.7
2025-01-19,London,0.617,5600,2,0.237,12.1,9.9
2025-01-20,London,0.61,5600,2,0.281,12,9.2
2025-01-21,London,0.608,5600,2,0.329,11.6,7.3
2025-01-22,London,0.607,5600,2,0.246,9.8,8.1
2025-01-23,London,0.62,5600,2,0.134,16,8.9
2025-01-24,London,0.64,5600,2,-0.012,13.3,8.4
2025-01-25,London,0.632,5600,2,-0.19,12.3,8
2025-01-26,London,0.644,5600,2,-0.321,13.2,7.4
2025-01-27,London,0.623,5600,2,-0.532,14.3,7.6
2025-01-28,London,0.614,5600,2,-0.522,16,8.2
2025-01-29,London,0.61,5600,2,-0.755,19.1,6.9
2025-01-30,London,0.602,5600,2,-0.673,19.2,7.1
2025-01-31,London,0.594,5600,2,-0.638,16.2,6.9
2025-02-01,London,0.607,5600,2,-0.582,15.3,6.9
2025-02-02,London,0.612,5600,2,-0.635,15.6,7.1
2025-02-03,London,0.622,5600,2,-0.141,19.5,6.8
2025-02-04,London,0.635,5600,2,0.021,15.8,6.6
2025-02-05,London,0.641,5600,2,-0.233,17.9,6.4
2025-02-06,London,0.65,5600,2,-0.228,17.7,6.9
2025-02-07,London,0.651,5600,2,-0.351,18.9,7
2025-02-08,London,0.641,5600,2,-0.516,18,7
2025-02-09,London,0.655,5600,2,-0.707,15.8,6
2025-02-10,London,0.65,5600,2,-0.603,17.1,5.7
2025-02-11,London,0.643,5600,2,-0.683,18.1,6.2
2025-02-12,London,0.645,5600,2,-0.504,19.5,6.1
2025-02-13,London,0.639,5600,2,-0.348,18.8,6.4
2025-02-14,London,0.639,5600,2,-0.159,17.1,7.3
2025-02-15,London,0.647,5600,2,-0.333,13.7,7.6
2025-02-16,London,0.654,5600,2,-0.283,15.6,7.3
2025-02-17,London,0.647,5600,2,-0.216,16.4,6.6
2025-02-18,London,0.646,5600,2,-0.326,14.4,4.9
2025-02-19,London,0.66,5600,2,-0.465,13.5,4.8
2025-02-20,London,0.667,5600,2,-0.226,12.9,4.6
2025-02-21,London,0.688,5600,2,-0.23,10.4,4.9
2025-02-22,London,0.697,5600,2,-0.173,9.7,4.8
2025-02-23,London,0.705,5600,2,-0.344,8.4,4.6
2025-02-24,London,0.686,5600,2,-0.549,8.8,3.5
2025-02-25,London,0.691,5600,2,-0.626,8.5,3.1
2025-02-26,London,0.688,5600,2,-0.624,6.4,3.6
2025-02-27,London,0.68,5600,2,-0.765,12,4.8
2025-02-28,London,0.68,5600,2,-0.726,15.3,4.7
2025-03-01,London,0.688,5600,2,-0.945,14,4.9
2025-03-02,London,0.69,5600,2,-1.046,15,5.4
2025-03-03,London,0.679,5600,2,-0.864,16.2,4.8
2025-03-04,London,0.685,5600,2,-0.719,18.8,5
2025-03-05,London,0.676,5600,2,-0.745,16.9,4.4
2025-03-06,London,0.677,5600,2,-0.861,19.2,5
2025-03-07,London,0.673,5600,2,-0.961,17.9,5
2025-03-08,London,0.669,5600,2,-0.949,15.2,5.1
2025-03-09,London,0.677,5600,2,-0.785,17.1,4.5
2025-03-10,London,0.665,5600,2,-0.603,19.8,4.9
2025-03-11,London,0.684,5600,2,-0.663,24.7,6.1
2025-03-12,London,0.663,5600,2,-0.812,21.4,5.3
2025-03-13,London,0.657,5600,2,-0.725,22.3,4.9
2025-03-14,London,0.661,5600,2,-0.815,20.9,5
2025-03-15,London,0.667,5600,2,-0.845,22.1,5.4
2025-03-16,London,0.665,5600,2,-0.595,18.7,4.9
2025-03-17,London,0.663,5600,2,-0.456,16.2,3.2
2025-03-18,London,0.666,5600,2,-0.439,15,4.2
2025-03-19,London,0.662,5600,2,-0.638,15.8,4.7
2025-03-20,London,0.675,5600,2,-0.585,15,3.7
2025-03-21,London,0.68,5600,2,-0.411,16.9,3.4
2025-03-22,London,0.684,5600,2,-0.48,19.3,4.6
2025-03-23,London,0.669,5600,2,-0.278,20.5,5.5
2025-03-24,London,0.665,5600,2,-0.116,23.6,5.9
2025-03-25,London,0.659,5600,2,0.079,23.8,5.7
2025-03-26,London,0.647,5600,2,0.04,20.8,5.6
2025-03-27,London,0.65,5600,2,0.051,23.3,5.4
2025-03-28,London,0.643,5600,2,0.184,21.6,6
2025-03-29,London,0.648,5600,2,0.152,23.1,5.4
2025-03-30,London,0.636,5600,2,-0.016,25.8,4.8
2025-03-31,London,0.653,5600,2,-0.151,25.8,5.5
2025-04-01,London,0.641,5600,2,-0.162,22,5.4
2025-04-02,London,0.641,5600,2,-0.401,19.8,6.2
2025-04-03,London,0.647,5600,2,-0.431,22.5,5.7
2025-04-04,London,0.638,5600,2,-0.27,21.8,5.6
2025-04-05,London,0.644,5600,2,-0.625,21.8,5.1
2025-04-06,London,0.628,5600,2,-0.368,23.1,5.2
2025-04-07,London,0.641,5600,2,-0.211,24.1,4.4
2025-04-08,London,0.637,5600,2,-0.314,24.1,4.3
2025-04-09,London,0.628,5600,2,-0.25,23.1,3.7
2025-04-10,London,0.622,5600,2,-0.277,22.1,4.4
2025-04-11,London,0.628,5600,2,-0.114,23.6,5.1
2025-04-12,London,0.618,5600,2,-0.013,24.3,4.2
2025-04-13,London,0.608,5600,2,-0.283,23.2,5.3
2025-04-14,London,0.605,5600,2,-0.214,25,7
2025-04-15,London,0.592,5600,2,-0.273,24.1,7
2025-04-16,London,0.61,5600,2,-0.28,21.9,6.5
2025-04-17,London,0.601,5600,2,-0.406,20.2,8.2
2025-04-18,London,0.608,5600,2,-0.141,18.4,7.2
2025-04-19,London,0.606,5600,2,-0.022,18.2,7.2
2025-04-20,London,0.593,5600,2,-0.186,21.1,7.3
2025-04-21,London,0.59,5600,2,-0.414,19.4,8.1
2025-04-22,London,0.596,5600,2,-0.465,20,8.2
2025-04-23,London,0.59,5600,2,-0.384,18.9,7.8
2025-04-24,London,0.599,5600,2,-0.343,18.7,7.2
2025-04-25,London,0.604,5600,2,-0.156,16,7
2025-04-26,London,0.607,5600,2,-0.065,16.3,6.6
2025-04-27,London,0.595,5600,2,0.04,16.6,6.8
2025-04-28,London,0.578,5600,2,0.033,18.4,6.7
2025-04-29,London,0.568,5600,2,-0.228,19.2,6
2025-04-30,London,0.567,5600,2,-0.271,17.1,7.1
2025-05-01,London,0.57,5600,2,-0.117,19.9,7
2025-05-02,London,0.544,5600,2,-0.153,20.5,6.5
2025-05-03,London,0.543,5600,2,-0.098,20.9,6.8
2025-05-04,London,0.543,5600,2,-0.175,20.9,7.1
2025-05-05,London,0.539,5600,2,-0.345,19.9,6.4
2025-05-06,London,0.55,5600,2,-0.353,20.5,7
2025-05-07,London,0.55,5600,2,-0.293,21.5,6.7
2025-05-08,London,0.559,5600,2,-0.386,18,8.2
2025-05-09,London,0.55,5600,2,-0.401,17.3,8.7
2025-05-10,London,0.554,5600,2,-0.519,17.4,8.7
2025-05-11,London,0.564,5600,2,-0.308,18.4,8.4
2025-05-12,London,0.568,5600,2,-0.34,21.2,8.6
2025-05-13,London,0.547,5600,2,-0.105,19.6,9.3
2025-05-14,London,0.538,5600,2,0.109,18.8,9.4
2025-05-15,London,0.528,5600,2,0.049,18,9.5
2025-05-16,London,0.527,5600,2,-0.139,16.9,9.7
2025-05-17,London,0.528,5600,2,-0.459,16.7,9.6
2025-05-18,London,0.513,5600,2,-0.638,18.9,9.6
2025-05-19,London,0.509,5600,2,-0.774,17,8.6
2025-05-20,London,0.484,5600,2,-0.476,18.4,9.6
2025-05-21,London,0.496,5600,2,-0.411,15.3,10.1
2025-05-22,London,0.487,5600,2,-0.313,15,9.9
2025-05-23,London,0.484,5600,2,-0.62,15.2,11.4
2025-05-24,London,0.478,5600,2,-0.726,19.3,11.6
2025-05-25,London,0.486,5600,2,-0.503,18.9,11.1
2025-05-26,London,0.453,5600,2,-0.402,14.7,11.8
2025-05-27,London,0.452,5600,2,-0.379,11.5,12.2
2025-05-28,London,0.45,5600,2,-0.252,12.9,12.6
2025-05-29,London,0.444,5600,2,0.017,15.2,12.4
2025-05-30,London,0.461,5600,2,-0.03,16.7,12.8
2025-05-31,London,0.448,5600,2,-0.026,17.5,12.7
2025-06-01,London,0.453,5600,2,-0.003,20.2,13.2
2025-06-02,London,0.453,5600,2,0.348,19.1,12.2
2025-06-03,London,0.461,5600,2,-0.026,21,12.2
2025-06-04,London,0.448,5600,2,0.075,17.5,13.5
2025-06-05,London,0.436,5600,2,0.042,16,13.2
2025-06-06,London,0.443,5600,2,0.118,12.9,13
2025-06-07,London,0.442,5600,2,0,13.3,13
2025-06-08,London,0.421,5600,2,-0.008,14.2,12.6
2025-06-09,London,0.412,5600,2,0.101,15.1,11.6
2025-06-10,London,0.414,5600,2,0.555,15.9,12
2025-06-11,London,0.419,5600,2,0.596,14.5,12.6
2025-06-12,London,0.408,5600,2,0.384,14.8,13.1
2025-06-13,London,0.375,5600,2,0.269,12.4,13.4
2025-06-14,London,0.382,5600,2,0.168,16.1,13.8
2025-06-15,London,0.369,5600,2,-0.118,15.9,14.8
2025-06-16,London,0.35,5600,2,-0.14,15.3,14.9
2025-06-17,London,0.325,5600,2,0.002,19,14.8
2025-06-18,London,0.339,5600,2,-0.177,16.4,14.9
2025-06-19,London,0.344,5600,2,0.021,14.4,15.6
2025-06-20,London,0.344,5600,2,0.106,12.8,16.7
2025-06-21,London,0.36,5600,2,-0.004,13.5,16.4
2025-06-22,London,0.366,5600,2,-0.007,15,16.6
2025-06-23,London,0.379,5600,2,0.253,16.9,17
2025-06-24,London,0.361,5600,2,0.345,22.2,16.5
2025-06-25,London,0.358,5600,2,0.316,17,16.7
2025-06-26,London,0.339,5600,2,0.255,18.3,16.1
2025-06-27,London,0.336,5600,2,0.252,17.1,15.3
2025-06-28,London,0.334,5600,2,0.163,15.9,16
2025-06-29,London,0.339,5600,2,-0.151,14.9,16.2
2025-06-30,London,0.338,5600,2,0.205,13.4,16.7
2025-07-01,London,0.342,5600,2,0.226,17.3,17.1
2025-07-02,London,0.346,5600,2,0.282,18.9,16.8
2025-07-03,London,0.363,5600,2,0.262,18.6,17.1
2025-07-04,London,0.353,5600,2,0.145,21,16.8
2025-07-05,London,0.337,5600,2,0.129,17.3,18
2025-07-06,London,0.336,5600,2,-0.096,14.5,17.5
2025-07-07,London,0.323,5600,2,0.296,10.4,17.7
2025-07-08,London,0.335,5600,2,0.103,9.9,17.5
2025-07-09,London,0.327,5600,2,-0.029,11.1,18.2
2025-07-10,London,0.317,5600,2,-0.052,12,18.4
2025-07-11,London,0.309,5600,2,0.189,12.9,18.4
2025-07-12,London,0.314,5600,2,0.204,10.4,19.3
2025-07-13,London,0.308,5600,2,0.031,12.8,19.5
2025-07-14,London,0.299,5600,2,0.258,13.7,20.1
2025-07-15,London,0.313,5600,2,0.373,15.3,19.7
2025-07-16,London,0.3,5600,2,0.443,11.5,19.1
2025-07-17,London,0.297,5600,2,0.531,12.6,19.5
2025-07-18,London,0.301,5600,2,0.858,10.6,19.6
2025-07-19,London,0.281,5600,2,1.106,10.4,20.3
2025-07-20,London,0.284,5600,2,0.886,12.1,20.5
2025-07-21,London,0.271,5600,2,1.047,12.6,20.9
2025-07-22,London,0.279,5600,2,0.999,11.1,20.1
2025-07-23,London,0.268,5600,2,0.977,11.6,21.6
2025-07-24,London,0.274,5600,2,0.63,8.9,21.6
2025-07-25,London,0.283,5600,2,0.564,11.9,22.2
2025-07-26,London,0.288,5600,2,0.413,11.8,21.8
2025-07-27,London,0.286,5600,2,0.531,14.3,22.1
2025-07-28,London,0.279,5600,2,0.669,13.1,21.5
2025-07-29,London,0.27,5600,2,0.315,12.1,22
2025-07-30,London,0.282,5600,2,0.323,10.7,21.9
2025-07-31,London,0.27,5600,2,0.502,12.8,22.2
2025-08-01,London,0.257,5600,2,0.459,11.4,22.8
2025-08-02,London,0.262,5600,2,0.56,12.9,22.1
2025-08-03,London,0.252,5600,2,0.591,12.1,22
2025-08-04,London,0.241,5600,2,0.616,8.2,22.5
2025-08-05,London,0.227,5600,2,0.546,7.6,24
2025-08-06,London,0.224,5600,2,0.345,6,23.9
2025-08-07,London,0.226,5600,2,0.19,6.9,24.3
2025-08-08,London,0.23,5600,2,0.333,5.3,24.2
2025-08-09,London,0.241,5600,2,0.352,8.1,25.3
2025-08-10,London,0.246,5600,2,0.345,8.5,24.1
2025-08-11,London,0.242,5600,2,0.296,8.6,24.2
2025-08-12,London,0.239,5600,2,0.274,10.3,23.3
2025-08-13,London,0.244,5600,2,0.458,12.3,22
2025-08-14,London,0.255,5600,2,0.408,12.1,22.6
2025-08-15,London,0.253,5600,2,0.215,10.4,23
2025-08-16,London,0.245,5600,2,0.364,6.9,23.1
2025-08-17,London,0.233,5600,2,0.349,6.1,23.3
2025-08-18,London,0.218,5600,2,0.372,5.5,25.4
2025-08-19,London,0.227,5600,2,0.628,6.5,25.2
2025-08-20,London,0.233,5600,2,0.603,6.3,25.4
2025-08-21,London,0.238,5600,2,0.628,8.3,25
2025-08-22,London,0.236,5600,2,0.429,7.3,25.2
2025-08-23,London,0.249,5600,2,0.404,7.6,25
2025-08-24,London,0.241,5600,2,0.508,10.3,24.8
2025-08-25,London,0.249,5600,2,0.272,10.9,26
2025-08-26,London,0.245,5600,2,0.335,10.5,26.6
2025-08-27,London,0.237,5600,2,0.374,9.2,26.5
2025-08-28,London,0.241,5600,2,0.398,7.9,24.9
2025-08-29,London,0.244,5600,2,0.568,6.4,24.8
2025-08-30,London,0.245,5600,2,0.608,5.7,26.5
2025-08-31,London,0.244,5600,2,0.813,7.7,26.2
2025-09-01,London,0.241,5600,2,0.617,7.4,26.8
2025-09-02,London,0.263,5600,2,0.62,4.9,27.4
2025-09-03,London,0.27,5600,2,0.615,9,27.3
2025-09-04,London,0.272,5600,2,0.437,9.5,26.5
2025-09-05,London,0.267,5600,2,0.591,6.5,24.9
2025-09-06,London,0.272,5600,2,0.926,5.9,25.4
2025-09-07,London,0.271,5600,2,0.86,6.5,25
2025-09-08,London,0.266,5600,2,0.882,10.1,25.1
2025-09-09,London,0.258,5600,2,0.838,7.5,24.5
2025-09-10,London,0.254,5600,2,0.681,9.5,24.5
2025-09-11,London,0.22,5600,2,0.381,12,24.6
2025-09-12,London,0.225,5600,2,0.293,10.1,24.9
2025-09-13,London,0.222,5600,2,0.115,9.2,24.4
2025-09-14,London,0.241,5600,2,0.429,6.8,25.2
2025-09-15,London,0.241,5600,2,0.422,6.5,24.9
2025-09-16,London,0.229,5600,2,0.381,6.5,24
2025-09-17,London,0.231,5600,2,0.532,7.9,24.1
2025-09-18,London,0.223,5600,2,0.358,10,24.4
2025-09-19,London,0.231,5600,2,0.263,8,24.6
2025-09-20,London,0.237,5600,2,0.308,3.9,25.5
2025-09-21,London,0.248,5600,2,0.489,4.3,25.3
2025-09-22,London,0.241,5600,2,0.564,5.2,25.3
2025-09-23,London,0.243,5600,2,0.59,5.9,24.6
2025-09-24,London,0.231,5600,2,0.585,5.3,25.2
2025-09-25,London,0.242,5600,2,0.63,5.7,25.3
2025-09-26,London,0.25,5600,2,0.637,8.9,25
2025-09-27,London,0.257,5600,2,0.458,9.2,23.8
2025-09-28,London,0.258,5600,2,0.467,8,24.9
2025-09-29,London,0.263,5600,2,0.307,6.7,24.1
2025-09-30,London,0.28,5600,2,0.343,6.3,23.9
2024-10-01,Southern Africa,0.345,3000,2,0.379,11.6,29.1
2024-10-02,Southern Africa,0.335,3000,2,0.317,8.9,29.9
2024-10-03,Southern Africa,0.324,3000,2,0.343,13.5,29.5
2024-10-04,Southern Africa,0.308,3000,2,0.336,12.2,29.1
2024-10-05,Southern Africa,0.323,3000,2,0.24,12.3,28.3
2024-10-06,Southern Africa,0.324,3000,2,0.404,14.4,28.1
2024-10-07,Southern Africa,0.359,3000,2,0.415,12.6,28.7
2024-10-08,Southern Africa,0.351,3000,2,0.333,10.3,29.5
2024-10-09,Southern Africa,0.345,3000,2,0.138,10.8,29.9
2024-10-10,Southern Africa,0.343,3000,2,0.034,7.2,28.6
2024-10-11,Southern Africa,0.35,3000,2,-0.167,7.1,29.2
2024-10-12,Southern Africa,0.35,3000,2,-0.091,8.1,27.9
2024-10-13,Southern Africa,0.36,3000,2,-0.208,7.9,28.5
2024-10-14,Southern Africa,0.354,3000,2,-0.168,5.1,28.2
2024-10-15,Southern Africa,0.344,3000,2,0.11,9.1,28.6
2024-10-16,Southern Africa,0.333,3000,2,0.321,9.5,27.7
2024-10-17,Southern Africa,0.319,3000,2,0.314,12.4,28.4
2024-10-18,Southern Africa,0.325,3000,2,0.299,11.6,27.4
2024-10-19,Southern Africa,0.332,3000,2,0.582,9.6,27
2024-10-20,Southern Africa,0.335,3000,2,0.617,10.2,26.5
2024-10-21,Southern Africa,0.357,3000,2,0.519,9.7,25.6
2024-10-22,Southern Africa,0.376,3000,2,0.27,7.4,25.9
2024-10-23,Southern Africa,0.377,3000,2,0.33,10.8,27.2
2024-10-24,Southern Africa,0.364,3000,2,0.447,9.4,28.8
2024-10-25,Southern Africa,0.365,3000,2,0.325,5.8,28.6
2024-10-26,Southern Africa,0.366,3000,2,0.36,9.1,29
2024-10-27,Southern Africa,0.367,3000,2,0.291,8.2,28.8
2024-10-28,Southern Africa,0.368,3000,2,0.258,7.2,28.8
2024-10-29,Southern Africa,0.369,3000,2,-0.117,4.1,28.3
2024-10-30,Southern Africa,0.373,3000,2,-0.096,8.5,28.2
2024-10-31,Southern Africa,0.375,3000,2,0.1,6.1,28.2
2024-11-01,Southern Africa,0.385,3000,2,0.025,6.8,27.6
2024-11-02,Southern Africa,0.396,3000,2,0.063,9.1,27.4
2024-11-03,Southern Africa,0.393,3000,2,-0.027,10.1,27.1
2024-11-04,Southern Africa,0.412,3000,2,0.064,10,27.5
2024-11-05,Southern Africa,0.407,3000,2,0.053,6.6,26.6
2024-11-06,Southern Africa,0.396,3000,2,-0.065,5.5,26.5
2024-11-07,Southern Africa,0.407,3000,2,0.174,6.5,27.5
2024-11-08,Southern Africa,0.406,3000,2,0.316,5.5,27.9
2024-11-09,Southern Africa,0.416,3000,2,0.206,6.6,28.3
2024-11-10,Southern Africa,0.398,3000,2,0.277,8.5,27.9
2024-11-11,Southern Africa,0.421,3000,2,0.342,10.7,27.7
2024-11-12,Southern Africa,0.434,3000,2,0.412,8.1,27.9
2024-11-13,Southern Africa,0.423,3000,2,0.12,12.9,28.4
2024-11-14,Southern Africa,0.415,3000,2,0.276,14,26.7
2024-11-15,Southern Africa,0.44,3000,2,0.171,13.5,25.6
2024-11-16,Southern Africa,0.438,3000,2,0.113,15.2,26.3
2024-11-17,Southern Africa,0.436,3000,2,0.512,19.2,25.8
2024-11-18,Southern Africa,0.42,3000,2,0.5,15,25.2
2024-11-19,Southern Africa,0.426,3000,2,0.385,13.9,24.3
2024-11-20,Southern Africa,0.432,3000,2,0.014,8.7,24
2024-11-21,Southern Africa,0.448,3000,2,0.237,9.4,23.1
2024-11-22,Southern Africa,0.441,3000,2,0.015,10.3,24.5
2024-11-23,Southern Africa,0.434,3000,2,-0.124,10.3,24.4
2024-11-24,Southern Africa,0.448,3000,2,-0.142,9.1,24.2
2024-11-25,Southern Africa,0.466,3000,2,0.104,5.3,24.5
2024-11-26,Southern Africa,0.456,3000,2,0.216,6.9,24.9
2024-11-27,Southern Africa,0.475,3000,2,0.17,10.4,25.2
2024-11-28,Southern Africa,0.481,3000,2,0.2,9.4,25.6
2024-11-29,Southern Africa,0.497,3000,2,0.088,10.6,24.8
2024-11-30,Southern Africa,0.499,3000,2,0.103,7.6,24.3
2024-12-01,Southern Africa,0.477,3000,2,0.104,9.1,24.6
2024-12-02,Southern Africa,0.483,3000,2,0.239,8.7,24
2024-12-03,Southern Africa,0.5,3000,2,0.352,7.6,23.7
2024-12-04,Southern Africa,0.495,3000,2,0.377,6.7,23.8
2024-12-05,Southern Africa,0.497,3000,2,0.268,6.7,24
2024-12-06,Southern Africa,0.501,3000,2,0.34,8.3,22.7
2024-12-07,Southern Africa,0.478,3000,2,0.275,6.2,23
2024-12-08,Southern Africa,0.504,3000,2,0.07,6.3,22.7
2024-12-09,Southern Africa,0.501,3000,2,-0.003,7.1,23
2024-12-10,Southern Africa,0.513,3000,2,0.007,5.7,23.2
2024-12-11,Southern Africa,0.518,3000,2,0.138,10.4,23.9
2024-12-12,Southern Africa,0.536,3000,2,0.084,9,24.3
2024-12-13,Southern Africa,0.543,3000,2,-0.116,8.2,24.7
2024-12-14,Southern Africa,0.544,3000,2,-0.097,7,25
2024-12-15,Southern Africa,0.538,3000,2,-0.074,11.5,24.6
2024-12-16,Southern Africa,0.55,3000,2,-0.045,12.8,24
2024-12-17,Southern Africa,0.534,3000,2,0.089,11,24.1
2024-12-18,Southern Africa,0.546,3000,2,0.217,13.6,24
2024-12-19,Southern Africa,0.539,3000,2,0.083,14,23.3
2024-12-20,Southern Africa,0.558,3000,2,-0.035,14.5,23.1
2024-12-21,Southern Africa,0.563,3000,2,-0.201,13.7,22.6
2024-12-22,Southern Africa,0.572,3000,2,-0.081,12.2,21.7
2024-12-23,Southern Africa,0.575,3000,2,0.132,13.2,22.2
2024-12-24,Southern Africa,0.559,3000,2,0.047,12.3,21.9
2024-12-25,Southern Africa,0.556,3000,2,-0.015,16.2,22.8
2024-12-26,Southern Africa,0.568,3000,2,0.188,13.4,21.3
2024-12-27,Southern Africa,0.574,3000,2,0.215,16.7,20.7
2024-12-28,Southern Africa,0.59,3000,2,0.227,16.2,20.5
2024-12-29,Southern Africa,0.595,3000,2,-0.008,16.6,21
2024-12-30,Southern Africa,0.587,3000,2,0.071,18,21
2024-12-31,Southern Africa,0.582,3000,2,-0.103,16.4,20.8
2025-01-01,Southern Africa,0.584,3000,2,-0.276,17.8,20
2025-01-02,Southern Africa,0.565,3000,2,-0.312,12,19.1
2025-01-03,Southern Africa,0.589,3000,2,-0.38,11.1,19.3
2025-01-04,Southern Africa,0.597,3000,2,-0.383,10,18.3
2025-01-05,Southern Africa,0.612,3000,2,-0.57,8.4,18
2025-01-06,Southern Africa,0.597,3000,2,-0.37,9.1,18.4
2025-01-07,Southern Africa,0.613,3000,2,-0.175,10.9,17.8
2025-01-08,Southern Africa,0.637,3000,2,-0.472,13.2,18.8
2025-01-09,Southern Africa,0.622,3000,2,-0.286,14.1,19.4
2025-01-10,Southern Africa,0.631,3000,2,-0.397,13.2,18.3
2025-01-11,Southern Africa,0.631,3000,2,-0.242,14.5,17.6
2025-01-12,Southern Africa,0.616,3000,2,-0.251,15.1,16.3
2025-01-13,Southern Africa,0.623,3000,2,-0.244,17.3,16
2025-01-14,Southern Africa,0.634,3000,2,-0.271,18.9,16.7
2025-01-15,Southern Africa,0.628,3000,2,-0.085,18.7,16.5
2025-01-16,Southern Africa,0.642,3000,2,-0.296,16.8,16.9
2025-01-17,Southern Africa,0.625,3000,2,-0.199,15.6,16.1
2025-01-18,Southern Africa,0.613,3000,2,-0.043,14.9,16.7
2025-01-19,Southern Africa,0.62,3000,2,0.031,14.8,16.4
2025-01-20,Southern Africa,0.624,3000,2,0.334,15.8,16.5
2025-01-21,Southern Africa,0.621,3000,2,0.163,17.7,16.5
2025-01-22,Southern Africa,0.633,3000,2,0.24,17.7,15.8
2025-01-23,Southern Africa,0.642,3000,2,0.145,17.9,15.2
2025-01-24,Southern Africa,0.652,3000,2,0.264,18.4,16
2025-01-25,Southern Africa,0.652,3000,2,0.179,17.5,16.3
2025-01-26,Southern Africa,0.659,3000,2,0.049,15.9,16.9
2025-01-27,Southern Africa,0.654,3000,2,0.192,13,17
2025-01-28,Southern Africa,0.676,3000,2,0.043,12.6,17
2025-01-29,Southern Africa,0.666,3000,2,-0.223,14.6,15.8
2025-01-30,Southern Africa,0.686,3000,2,-0.315,14.1,15.7
2025-01-31,Southern Africa,0.684,3000,2,-0.223,14.5,15.7
2025-02-01,Southern Africa,0.667,3000,2,-0.03,16.3,16.9
2025-02-02,Southern Africa,0.681,3000,2,-0.058,18,17.1
2025-02-03,Southern Africa,0.68,3000,2,0.098,16.3,17.9
2025-02-04,Southern Africa,0.687,3000,2,-0.171,19,17.9
2025-02-05,Southern Africa,0.697,3000,2,-0.263,21.6,17.1
2025-02-06,Southern Africa,0.697,3000,2,-0.319,19.3,16.9
2025-02-07,Southern Africa,0.687,3000,2,-0.341,18,16.9
2025-02-08,Southern Africa,0.695,3000,2,-0.33,20.9,16.1
2025-02-09,Southern Africa,0.692,3000,2,-0.23,20.7,15.7
2025-02-10,Southern Africa,0.696,3000,2,-0.316,16.5,15.5
2025-02-11,Southern Africa,0.672,3000,2,-0.302,14.5,16.5
2025-02-12,Southern Africa,0.677,3000,2,-0.319,15.2,15
2025-02-13,Southern Africa,0.671,3000,2,-0.465,14,15.7
2025-02-14,Southern Africa,0.688,3000,2,-0.468,14.5,15.1
2025-02-15,Southern Africa,0.693,3000,2,-0.475,15.8,14.2
2025-02-16,Southern Africa,0.693,3000,2,-0.485,19.8,15.1
2025-02-17,Southern Africa,0.696,3000,2,-0.464,19.7,15.5
2025-02-18,Southern Africa,0.684,3000,2,-0.44,22.4,16.1
2025-02-19,Southern Africa,0.699,3000,2,-0.497,25.4,16.4
2025-02-20,Southern Africa,0.716,3000,2,-0.289,28,17.4
2025-02-21,Southern Africa,0.715,3000,2,-0.479,28,17.3
2025-02-22,Southern Africa,0.726,3000,2,-0.574,23.4,16.9
2025-02-23,Southern Africa,0.713,3000,2,-0.129,24.5,16.7
2025-02-24,Southern Africa,0.701,3000,2,-0.324,26.5,17.2
2025-02-25,Southern Africa,0.698,3000,2,-0.538,26.1,16.3
2025-02-26,Southern Africa,0.7,3000,2,-0.406,29.3,15.7
2025-02-27,Southern Africa,0.693,3000,2,-0.716,30.4,15.3
2025-02-28,Southern Africa,0.697,3000,2,-0.704,30.7,13.9
2025-03-01,Southern Africa,0.697,3000,2,-0.336,32,14.1
2025-03-02,Southern Africa,0.685,3000,2,-0.577,31.7,13
2025-03-03,Southern Africa,0.689,3000,2,-0.848,25.7,13.3
2025-03-04,Southern Africa,0.696,3000,2,-1.006,24.7,14
2025-03-05,Southern Africa,0.695,3000,2,-0.78,27.2,13.8
2025-03-06,Southern Africa,0.704,3000,2,-0.555,25.4,14.9
2025-03-07,Southern Africa,0.688,3000,2,-0.609,25,13.9
2025-03-08,Southern Africa,0.691,3000,2,-0.475,23.1,14.7
2025-03-09,Southern Africa,0.678,3000,2,-0.256,27.1,15.1
2025-03-10,Southern Africa,0.666,3000,2,-0.01,30.4,14
2025-03-11,Southern Africa,0.661,3000,2,-0.105,28,15.7
2025-03-12,Southern Africa,0.654,3000,2,-0.495,28.1,15.5
2025-03-13,Southern Africa,0.651,3000,2,-0.604,26.5,14.8
2025-03-14,Southern Africa,0.652,3000,2,-0.638,27.8,13.9
2025-03-15,Southern Africa,0.664,3000,2,-0.641,28.7,13.9
2025-03-16,Southern Africa,0.662,3000,2,-0.633,30.1,13.9
2025-03-17,Southern Africa,0.647,3000,2,-0.43,30.3,14
2025-03-18,Southern Africa,0.662,3000,2,-0.234,35.8,13.9
2025-03-19,Southern Africa,0.654,3000,2,-0.284,32.5,14.4
2025-03-20,Southern Africa,0.656,3000,2,-0.136,28.3,14.2
2025-03-21,Southern Africa,0.661,3000,2,-0.121,27.4,13.1
2025-03-22,Southern Africa,0.664,3000,2,-0.152,24.3,13.2
2025-03-23,Southern Africa,0.675,3000,2,-0.052,21.9,12
2025-03-24,Southern Africa,0.677,3000,2,-0.092,20.8,12.7
2025-03-25,Southern Africa,0.666,3000,2,0.173,20.1,12.4
2025-03-26,Southern Africa,0.687,3000,2,-0.127,19.4,12.8
2025-03-27,Southern Africa,0.684,3000,2,-0.242,21.8,13.9
2025-03-28,Southern Africa,0.678,3000,2,-0.282,21.7,13.5
2025-03-29,Southern Africa,0.684,3000,2,-0.231,22.4,14.3
2025-03-30,Southern Africa,0.682,3000,2,-0.062,25.1,14.2
2025-03-31,Southern Africa,0.681,3000,2,-0.113,24.1,15.3
2025-04-01,Southern Africa,0.701,3000,2,-0.365,24.3,15.1
2025-04-02,Southern Africa,0.69,3000,2,-0.239,25.7,14.6
2025-04-03,Southern Africa,0.68,3000,2,-0.145,22.3,15.1
2025-04-04,Southern Africa,0.676,3000,2,-0.469,18.5,14.8
2025-04-05,Southern Africa,0.681,3000,2,-0.453,20.8,14.4
2025-04-06,Southern Africa,0.66,3000,2,-0.677,23.1,14.2
2025-04-07,Southern Africa,0.637,3000,2,-0.728,28.1,14.4
2025-04-08,Southern Africa,0.631,3000,2,-0.807,28.6,15.3
2025-04-09,Southern Africa,0.615,3000,2,-0.617,30.4,14.2
2025-04-10,Southern Africa,0.613,3000,2,-0.558,29.8,14.4
2025-04-11,Southern Africa,0.62,3000,2,-0.718,30.4,15
2025-04-12,Southern Africa,0.612,3000,2,-0.529,33.6,15.2
2025-04-13,Southern Africa,0.6,3000,1,-0.714,28.7,16.1
2025-04-14,Southern Africa,0.604,3000,1,-0.607,29.7,16
2025-04-15,Southern Africa,0.615,3000,1,-0.686,34,15.9
2025-04-16,Southern Africa,0.598,3000,1,-0.686,33.9,16.3
2025-04-17,Southern Africa,0.609,3000,1,-0.555,36.6,16.3
2025-04-18,Southern Africa,0.617,3000,1,-0.44,34.3,16
2025-04-19,Southern Africa,0.626,3000,1,-0.22,33.6,16.4
2025-04-20,Southern Africa,0.635,3000,1,-0.244,33.1,16
2025-04-21,Southern Africa,0.653,3000,1,-0.206,28.2,15.7
2025-04-22,Southern Africa,0.642,3000,1,-0.285,26.1,15.5
2025-04-23,Southern Africa,0.636,3000,1,-0.258,24.5,16.5
2025-04-24,Southern Africa,0.626,3000,1,-0.196,27,14.6
2025-04-25,Southern Africa,0.622,3000,1,-0.223,29.2,15.1
2025-04-26,Southern Africa,0.632,3000,1,-0.501,29.9,15.4
2025-04-27,Southern Africa,0.612,3000,1,-0.416,31.6,14.6
2025-04-28,Southern Africa,0.6,3000,1,-0.339,31,15.2
2025-04-29,Southern Africa,0.611,3000,1,-0.429,33.3,15.8
2025-04-30,Southern Africa,0.617,3000,1,-0.595,32.8,16.4
2025-05-01,Southern Africa,0.607,3000,1,-0.321,32.5,14.9
2025-05-02,Southern Africa,0.611,3000,1,-0.235,31.6,16.1
2025-05-03,Southern Africa,0.609,3000,1,-0.27,32.8,15.9
2025-05-04,Southern Africa,0.618,3000,1,-0.434,31.5,16.6
2025-05-05,Southern Africa,0.611,3000,1,-0.526,33.2,17.2
2025-05-06,Southern Africa,0.614,3000,1,-0.285,30.5,16.8
2025-05-07,Southern Africa,0.632,3000,1,-0.253,28.2,17.4
2025-05-08,Southern Africa,0.627,3000,1,-0.329,29.9,17.2
2025-05-09,Southern Africa,0.617,3000,1,-0.233,29.7,16.2
2025-05-10,Southern Africa,0.614,3000,1,-0.35,28.8,17.2
2025-05-11,Southern Africa,0.601,3000,1,-0.1,30.8,16.9
2025-05-12,Southern Africa,0.616,3000,1,0.09,29.4,16.6
2025-05-13,Southern Africa,0.607,3000,1,-0.02,29.1,16.7
2025-05-14,Southern Africa,0.594,3000,1,-0.137,32,17.2
2025-05-15,Southern Africa,0.577,3000,1,-0.533,34.7,17.4
2025-05-16,Southern Africa,0.582,3000,1,-0.699,37.1,18
2025-05-17,Southern Africa,0.583,3000,1,-0.818,35.4,17.4
2025-05-18,Southern Africa,0.569,3000,1,-0.697,37,17.2
2025-05-19,Southern Africa,0.568,3000,1,-0.662,34,17.5
2025-05-20,Southern Africa,0.546,3000,1,-0.784,31.5,18.9
2025-05-21,Southern Africa,0.544,3000,1,-0.727,26.5,19
2025-05-22,Southern Africa,0.544,3000,1,-0.56,30.3,19.7
2025-05-23,Southern Africa,0.556,3000,1,-0.414,28.4,19.8
2025-05-24,Southern Africa,0.542,3000,1,-0.652,28.3,19.5
2025-05-25,Southern Africa,0.523,3000,1,-0.589,26.6,19.5
2025-05-26,Southern Africa,0.511,3000,1,-0.722,28.4,19.5
2025-05-27,Southern Africa,0.496,3000,1,-0.491,27.7,20
2025-05-28,Southern Africa,0.51,3000,1,-0.311,25.3,20.9
2025-05-29,Southern Africa,0.523,3000,1,-0.41,26.7,21.1
2025-05-30,Southern Africa,0.521,3000,1,-0.473,24.2,21.7
2025-05-31,Southern Africa,0.528,3000,1,-0.48,23.2,21
2025-06-01,Southern Africa,0.523,3000,1,-0.753,19.8,20.8
2025-06-02,Southern Africa,0.516,3000,1,-0.597,18.2,20.4
2025-06-03,Southern Africa,0.507,3000,1,-0.554,20.1,20.7
2025-06-04,Southern Africa,0.499,3000,1,-0.33,17.4,20.6
2025-06-05,Southern Africa,0.479,3000,1,-0.448,16.1,21.2
2025-06-06,Southern Africa,0.48,3000,1,-0.476,17.9,20.7
2025-06-07,Southern Africa,0.478,3000,1,-0.632,18.3,20.9
2025-06-08,Southern Africa,0.483,3000,1,-0.689,23.8,21.5
2025-06-09,Southern Africa,0.48,3000,1,-0.762,28,20.3
2025-06-10,Southern Africa,0.475,3000,1,-0.496,26.3,21.9
2025-06-11,Southern Africa,0.463,3000,1,-0.524,27.6,21.8
2025-06-12,Southern Africa,0.462,3000,1,-0.423,29.1,20.7
2025-06-13,Southern Africa,0.467,3000,1,-0.412,27.6,21.1
2025-06-14,Southern Africa,0.452,3000,1,-0.535,24.6,21.3
2025-06-15,Southern Africa,0.451,3000,1,-0.473,24.9,21.5
2025-06-16,Southern Africa,0.452,3000,1,-0.304,24.9,22.3
2025-06-17,Southern Africa,0.442,3000,1,-0.431,24.3,22.9
2025-06-18,Southern Africa,0.435,3000,1,-0.235,25.6,23.1
2025-06-19,Southern Africa,0.436,3000,1,-0.316,24.2,23.4
2025-06-20,Southern Africa,0.424,3000,1,-0.329,22.3,23.4
2025-06-21,Southern Africa,0.427,3000,1,-0.187,23.1,24.5
2025-06-22,Southern Africa,0.417,3000,1,-0.244,24.3,23.5
2025-06-23,Southern Africa,0.428,3000,1,-0.187,22.3,23.6
2025-06-24,Southern Africa,0.45,3000,1,-0.19,24.7,23.7
2025-06-25,Southern Africa,0.436,3000,1,-0.125,21.3,24.3
2025-06-26,Southern Africa,0.437,3000,1,-0.445,20.8,23.8
2025-06-27,Southern Africa,0.425,3000,1,-0.634,21,22.8
2025-06-28,Southern Africa,0.433,3000,1,-0.427,20.4,23.2
2025-06-29,Southern Africa,0.416,3000,1,-0.186,20,23.5
2025-06-30,Southern Africa,0.418,3000,1,-0.273,24.5,24.6
2025-07-01,Southern Africa,0.406,3000,1,-0.245,22.9,23.9
2025-07-02,Southern Africa,0.402,3000,1,-0.141,28,24.8
2025-07-03,Southern Africa,0.39,3000,1,0.009,28.4,26.2
2025-07-04,Southern Africa,0.399,3000,1,-0.27,28,25.8
2025-07-05,Southern Africa,0.388,3000,1,-0.336,28.4,25
2025-07-06,Southern Africa,0.393,3000,1,-0.308,32.8,24.8
2025-07-07,Southern Africa,0.388,3000,1,-0.128,29.5,24.9
2025-07-08,Southern Africa,0.386,3000,1,0.296,26.4,25.4
2025-07-09,Southern Africa,0.386,3000,1,0.248,24.5,25.1
2025-07-10,Southern Africa,0.377,3000,1,0.031,24.4,26.2
2025-07-11,Southern Africa,0.378,3000,1,0.119,20.8,25.5
2025-07-12,Southern Africa,0.393,3000,1,0.332,21.2,24.5
2025-07-13,Southern Africa,0.381,3000,1,0.332,24.9,25.4
2025-07-14,Southern Africa,0.391,3000,1,0.181,24.9,24.2
2025-07-15,Southern Africa,0.402,3000,1,0.333,24,24.4
2025-07-16,Southern Africa,0.388,3000,1,0.419,22.5,26.6
2025-07-17,Southern Africa,0.369,3000,1,0.24,24.3,26.6
2025-07-18,Southern Africa,0.371,3000,1,0.299,22.3,26
2025-07-19,Southern Africa,0.363,3000,1,0.443,26,26.1
2025-07-20,Southern Africa,0.38,3000,1,0.593,29.2,26.2
2025-07-21,Southern Africa,0.377,3000,1,0.535,28.6,26.4
2025-07-22,Southern Africa,0.365,3000,1,0.442,27.5,26.9
2025-07-23,Southern Africa,0.351,3000,1,0.602,28.7,26.3
2025-07-24,Southern Africa,0.361,3000,1,0.373,29.7,27.5
2025-07-25,Southern Africa,0.353,3000,1,0.426,26.8,27.6
2025-07-26,Southern Africa,0.352,3000,1,0.201,24.9,28.1
2025-07-27,Southern Africa,0.361,3000,1,0.375,21.6,27.6
2025-07-28,Southern Africa,0.353,3000,1,0.326,22.2,28.4
2025-07-29,Southern Africa,0.35,3000,1,0.513,23.3,28.1
2025-07-30,Southern Africa,0.348,3000,1,0.557,20.1,28.3
2025-07-31,Southern Africa,0.354,3000,1,0.337,19.2,27.7
2025-08-01,Southern Africa,0.357,3000,1,0.549,16.6,27.1
2025-08-02,Southern Africa,0.351,3000,1,0.748,15.2,27.7
2025-08-03,Southern Africa,0.349,3000,1,0.817,17,27.5
2025-08-04,Southern Africa,0.343,3000,1,0.63,15.9,27.1
2025-08-05,Southern Africa,0.326,3000,1,0.54,15.7,26.9
2025-08-06,Southern Africa,0.329,3000,1,0.532,13,27.5
2025-08-07,Southern Africa,0.348,3000,1,0.398,14.2,27.3
2025-08-08,Southern Africa,0.336,3000,1,0.645,14.8,27.4
2025-08-09,Southern Africa,0.327,3000,1,0.622,13.9,27.6
2025-08-10,Southern Africa,0.318,3000,1,0.177,14.1,26.6
2025-08-11,Southern Africa,0.326,3000,1,0.255,15.1,26
2025-08-12,Southern Africa,0.331,3000,1,0.218,13.9,26.6
2025-08-13,Southern Africa,0.328,3000,1,0.229,11.5,26.5
2025-08-14,Southern Africa,0.318,3000,1,0.194,16,27.5
2025-08-15,Southern Africa,0.32,3000,1,0.342,15,28.3
2025-08-16,Southern Africa,0.304,3000,1,0.514,15.1,28.8
2025-08-17,Southern Africa,0.308,3000,1,0.536,17.4,30
2025-08-18,Southern Africa,0.319,3000,1,0.461,24.4,29.8
2025-08-19,Southern Africa,0.307,3000,1,0.443,20.8,30.1
2025-08-20,Southern Africa,0.293,3000,1,0.436,21,29.6
2025-08-21,Southern Africa,0.313,3000,1,0.308,18.9,31
2025-08-22,Southern Africa,0.308,3000,1,0.407,17.5,31.9
2025-08-23,Southern Africa,0.321,3000,1,0.473,15.8,31.5
2025-08-24,Southern Africa,0.319,3000,1,0.691,13.6,31.4
2025-08-25,Southern Africa,0.317,3000,1,0.835,13.8,31.9
2025-08-26,Southern Africa,0.322,3000,1,0.666,11.1,31.5
2025-08-27,Southern Africa,0.313,3000,1,0.748,13.7,30.8
2025-08-28,Southern Africa,0.315,3000,1,0.552,14,31.1
2025-08-29,Southern Africa,0.312,3000,1,0.633,15.1,30.9
2025-08-30,Southern Africa,0.3,3000,1,0.521,14.1,30.8
2025-08-31,Southern Africa,0.306,3000,1,0.349,13.5,30.1
2025-09-01,Southern Africa,0.306,3000,1,0.398,14.3,29
2025-09-02,Southern Africa,0.306,3000,1,-0.002,12,29.2
2025-09-03,Southern Africa,0.296,3000,1,-0.205,11.6,29.8
2025-09-04,Southern Africa,0.316,3000,1,-0.14,10.3,29.6
2025-09-05,Southern Africa,0.326,3000,1,-0.047,9.1,30.5
2025-09-06,Southern Africa,0.335,3000,1,-0.035,5.6,29.9
2025-09-07,Southern Africa,0.33,3000,1,-0.206,9.5,29.2
2025-09-08,Southern Africa,0.312,3000,1,-0.238,8.8,29.2
2025-09-09,Southern Africa,0.333,3000,1,-0.083,11.8,29.2
2025-09-10,Southern Africa,0.331,3000,1,0.077,14.2,29.7
2025-09-11,Southern Africa,0.323,3000,1,0.123,11.5,29.2
2025-09-12,Southern Africa,0.328,3000,1,0.339,9.6,30.1
2025-09-13,Southern Africa,0.339,3000,1,0.407,15.2,31.2
2025-09-14,Southern Africa,0.337,3000,1,0.294,18.4,30.9
2025-09-15,Southern Africa,0.349,3000,1,0.268,17.5,31.4
2025-09-16,Southern Africa,0.357,3000,1,0.077,17.3,30.5
2025-09-17,Southern Africa,0.343,3000,1,0.109,15.3,31
2025-09-18,Southern Africa,0.334,3000,1,0.319,15.8,31.4
2025-09-19,Southern Africa,0.344,3000,1,0.433,13.8,31.6
2025-09-20,Southern Africa,0.315,3000,1,0.637,9.5,31.3
2025-09-21,Southern Africa,0.317,3000,1,0.555,7.3,29.2
2025-09-22,Southern Africa,0.306,3000,1,0.732,8,28.8
2025-09-23,Southern Africa,0.306,3000,1,0.651,6.3,28.5
2025-09-24,Southern Africa,0.308,3000,1,0.832,7,28
2025-09-25,Southern Africa,0.31,3000,1,0.762,5.6,28.3
2025-09-26,Southern Africa,0.31,3000,1,0.811,4.9,28.2
2025-09-27,Southern Africa,0.304,3000,1,0.968,7.6,27.8
2025-09-28,Southern Africa,0.333,3000,1,0.85,8.7,27.4
2025-09-29,Southern Africa,0.354,3000,1,0.812,9.1,27.2
2025-09-30,Southern Africa,0.342,3000,1,0.939,11.2,28.1
